"year","state","D_pv","R_pv","D_pv_lag1","D_pv_lag2","party","mean_1_wk_poll_support","quarter","GDP_growth_quarterly","unemployment","state_abb","grant_year","total_grant","vep_turnout","turnout_lag1","turnout_lag2","incumbent","incumbent_party","dem_party_incumbent","cons_shift","prec_turns","sc_interact","InitialCOVI"
1988,"Alabama",39.86329831,59.16504894,38.28078127,47.44885907,"DEM",36.9059865714286,4,5.4,5.33333333333333,"AL",1988,188.03441118,NA,NA,NA,0,FALSE,0,NA,11,NA,NA
1988,"Alaska",36.27096284,59.59093726,29.86777775,26.4079018,"DEM",41.099731,4,5.4,5.33333333333333,"AK",1988,198.83407427,"57.30",62.1,60.2,0,FALSE,0,NA,11,NA,NA
1988,"Arizona",38.74387412,59.95026765,32.54264317,28.24468359,"DEM",32.9690847142857,4,5.4,5.33333333333333,"AZ",1988,536.5594063,"49.10",48.9,47.5,0,FALSE,0,NA,11,NA,NA
1988,"Arkansas",42.19173217,56.3678362,38.290785,47.52263062,"DEM",40.3120231428571,4,5.4,5.33333333333333,"AR",1988,97.98063892,NA,NA,NA,0,FALSE,0,NA,11,NA,NA
1988,"California",47.55944256,51.12656789,41.2677757,35.91943691,"DEM",42.3871267142857,4,5.4,5.33333333333333,"CA",1988,1581.7843314,"57.50",58.9,56.2,0,FALSE,0,NA,11,NA,NA
1988,"Colorado",45.28240432,53.05888834,35.1228983,31.0700325,"DEM",41.9140532857143,4,5.4,5.33333333333333,"CO",1988,148.17909512,"60.80",59.2,59.1,0,FALSE,0,NA,11,NA,NA
1988,"Connecticut",46.87451936,51.97756122,38.82998159,38.52220567,"DEM",40.6741657142857,4,5.4,5.33333333333333,"CT",1988,1461.2822708,"61.40",64.8,64.7,0,FALSE,0,NA,11,NA,NA
1988,"Delaware",43.4777563,55.87996366,39.93212136,44.87414498,"DEM",34.7996162857143,4,5.4,5.33333333333333,"DE",1988,679.7015226,"54.00",58.4,56.8,0,FALSE,0,NA,11,NA,NA
1988,"Florida",38.50721693,60.87155909,34.66024697,38.50021983,"DEM",36.1858588571429,4,5.4,5.33333333333333,"FL",1988,344.21832215,NA,NA,NA,0,FALSE,0,NA,11,NA,NA
1988,"Georgia",39.49842844,59.75287234,39.78530524,55.79610535,"DEM",38.9138032857143,4,5.4,5.33333333333333,"GA",1988,114.20639104,NA,NA,NA,0,FALSE,0,NA,11,NA,NA
1988,"Hawaii",54.26944008,44.75104454,43.81591563,44.80211813,"DEM",41.6285935714286,4,5.4,5.33333333333333,"HI",1988,927.7891239,"49.80",50.3,49.2,0,FALSE,0,NA,11,NA,NA
1988,"Illinois",48.60455527,50.68826879,43.29655321,41.71640818,"DEM",45.095956,4,5.4,5.33333333333333,"IL",1988,312.36183729,"59.10",62.7,61.9,0,FALSE,0,NA,11,NA,NA
1988,"Indiana",39.68618767,59.84277566,37.68271379,37.65319244,"DEM",37.3326171428571,4,5.4,5.33333333333333,"IN",1988,149.98227858,"55.60",57.9,59.2,0,FALSE,0,NA,11,NA,NA
1988,"Iowa",54.71192398,44.49647279,45.8870818,38.60416298,"DEM",51.3151735714286,4,5.4,5.33333333333333,"IA",1988,89.13051003,"61.40",65.1,63.5,0,FALSE,0,NA,11,NA,NA
1988,"Kansas",42.55964489,55.79299608,32.59803658,33.28757546,"DEM",34.838219,4,5.4,5.33333333333333,"KS",1988,57.1509861,NA,NA,NA,0,FALSE,0,NA,11,NA,NA
1988,"Kentucky",43.88359469,55.52147912,39.40124658,47.65391583,"DEM",41.7631191428571,4,5.4,5.33333333333333,"KY",1988,92.65209499,NA,NA,NA,0,FALSE,0,NA,11,NA,NA
1988,"Louisiana",44.0645571,54.2747153,38.17539263,45.74823178,"DEM",39.5747442857143,4,5.4,5.33333333333333,"LA",1988,228.67398381,NA,NA,NA,0,FALSE,0,NA,11,NA,NA
1988,"Maine",43.88353888,55.3354293,38.78104074,42.2503542,"DEM",42.0792501428571,4,5.4,5.33333333333333,"ME",1988,295.70923821,NA,NA,NA,0,FALSE,0,NA,11,NA,NA
1988,"Maryland",48.19903427,51.10758663,47.01639086,47.13812954,"DEM",45.8770034285714,4,5.4,5.33333333333333,"MD",1988,686.642612,"52.50",54.5,52.5,0,FALSE,0,NA,11,NA,NA
1988,"Massachusetts",53.22905149,45.37505873,48.43378267,41.74977913,"DEM",48.278148,4,5.4,5.33333333333333,"MA",1988,1851.781749,"61.30",60.7,62.4,0,FALSE,0,NA,11,NA,NA
1988,"Michigan",45.67207835,53.56769378,40.23607594,42.4974135,"DEM",43.2776991428571,4,5.4,5.33333333333333,"MI",1988,386.36349217,"56.70",60.6,62.4,0,FALSE,0,NA,11,NA,NA
1988,"Minnesota",52.91283343,45.89572632,49.71884656,46.50156244,"DEM",50.564298,4,5.4,5.33333333333333,"MN",1988,174.96956242,"68.80",70.9,72.1,0,FALSE,0,NA,11,NA,NA
1988,"Mississippi",39.06714459,59.88983679,37.42328159,48.13916456,"DEM",37.0415492857143,4,5.4,5.33333333333333,"MS",1988,110.85790668,NA,NA,NA,0,FALSE,0,NA,11,NA,NA
1988,"Missouri",47.85044916,51.83157305,39.97524933,44.34571659,"DEM",41.663468,4,5.4,5.33333333333333,"MO",1988,116.5050678,NA,NA,NA,0,FALSE,0,NA,11,NA,NA
1988,"Montana",46.19852656,52.07151725,38.17658185,32.4306502,"DEM",36.9629417142857,4,5.4,5.33333333333333,"MT",1988,64.5001725,"66.70",68.2,67.1,0,FALSE,0,NA,11,NA,NA
1988,"Nebraska",39.19103807,60.16282041,28.80982686,26.02273847,"DEM",39.5504214285714,4,5.4,5.33333333333333,"NE",1988,46.78069866,"60.30",59.1,58.4,0,FALSE,0,NA,11,NA,NA
1988,"Nevada",38.6841254,60.04668744,32.41934514,27.35666333,"DEM",33.4048691428571,4,5.4,5.33333333333333,"NV",1988,141.91358291,"46.10",44.8,51.9,0,FALSE,0,NA,11,NA,NA
1988,"New Hampshire",36.33449864,62.49087176,30.94516899,28.3507383,"DEM",32.1024308571429,4,5.4,5.33333333333333,"NH",1988,280.36871698,"57.80",56.6,60.9,0,FALSE,0,NA,11,NA,NA
1988,"New Jersey",42.59814238,56.24010946,39.19754794,38.55799204,"DEM",40.5741972857143,4,5.4,5.33333333333333,"NJ",1988,1046.8440713,"57.10",60.5,58.5,0,FALSE,0,NA,11,NA,NA
1988,"New Mexico",46.89357425,51.850353,39.22643233,36.78482894,"DEM",39.6222117142857,4,5.4,5.33333333333333,"NM",1988,168.3392224,"53.40",54.6,53.2,0,FALSE,0,NA,11,NA,NA
1988,"New York",50.19497561,43.76430362,44.09238689,43.99209992,"DEM",45.8516087142857,4,5.4,5.33333333333333,"NY",1988,1567.8194244,"54.00",57.2,53,0,FALSE,0,NA,11,NA,NA
1988,"North Carolina",41.70631146,57.96829978,37.89196368,47.18285535,"DEM",42.2876812857143,4,5.4,5.33333333333333,"NC",1988,181.69454624,NA,NA,NA,0,FALSE,0,NA,11,NA,NA
1988,"North Dakota",42.97200104,56.03123181,33.79896495,26.2985029,"DEM",37.2386021428571,4,5.4,5.33333333333333,"ND",1988,54.95560496,"66.20",67.2,68,0,FALSE,0,NA,11,NA,NA
1988,"Ohio",44.14684136,55.00175825,40.00319948,40.90981354,"DEM",40.7811621428571,4,5.4,5.33333333333333,"OH",1988,371.08628814,"57.30",60.3,57.3,0,FALSE,0,NA,11,NA,NA
1988,"Oklahoma",41.28165146,57.92879126,30.66714662,34.96766135,"DEM",38.5568551428571,4,5.4,5.33333333333333,"OK",1988,131.53234501,"53.10",55.5,54.2,0,FALSE,0,NA,11,NA,NA
1988,"Oregon",51.2781124,46.61136695,43.73968123,38.66981065,"DEM",48.5561031428571,4,5.4,5.33333333333333,"OR",1988,251.63790327,"62.30",66.4,64.3,0,FALSE,0,NA,11,NA,NA
1988,"Pennsylvania",48.3867405,50.70457962,45.98917667,42.47593062,"DEM",43.9487714285714,4,5.4,5.33333333333333,"PA",1988,590.1380658,NA,NA,NA,0,FALSE,0,NA,11,NA,NA
1988,"Rhode Island",55.63785459,43.93260871,48.01736466,47.68214786,"DEM",46.5826218571429,4,5.4,5.33333333333333,"RI",1988,914.6648268,"57.60",60.6,62.7,0,FALSE,0,NA,11,NA,NA
1988,"South Carolina",37.58119855,61.50481385,35.56517151,48.20896631,"DEM",39.0907447142857,4,5.4,5.33333333333333,"SC",1988,210.21285778,"42.50",43.7,42.4,0,FALSE,0,NA,11,NA,NA
1988,"South Dakota",46.50612957,52.84976245,36.52879978,31.6918063,"DEM",40.6255705714286,4,5.4,5.33333333333333,"SD",1988,43.271578021,NA,NA,NA,0,FALSE,0,NA,11,NA,NA
1988,"Tennessee",41.5458518,57.89048128,41.57224942,48.40771852,"DEM",39.8820327142857,4,5.4,5.33333333333333,"TN",1988,150.77080912,NA,NA,NA,0,FALSE,0,NA,11,NA,NA
1988,"Texas",43.34936922,55.95355796,36.11394829,41.42003014,"DEM",42.4855018571429,4,5.4,5.33333333333333,"TX",1988,151.32038697,NA,NA,NA,0,FALSE,0,NA,11,NA,NA
1988,"Utah",32.04643528,66.21896484,24.67521948,20.56866484,"DEM",31.1841034285714,4,5.4,5.33333333333333,"UT",1988,195.35137434,"63.40",64.3,66.6,0,FALSE,0,NA,11,NA,NA
1988,"Vermont",47.57980997,51.09605142,40.81241127,38.42118341,"DEM",41.6285935714286,4,5.4,5.33333333333333,"VT",1988,181.6290474,"66.70",61.6,59.3,0,FALSE,0,NA,11,NA,NA
1988,"Virginia",39.23140487,59.73519912,37.09293848,40.30874069,"DEM",39.3818002857143,4,5.4,5.33333333333333,"VA",1988,108.46717756,NA,NA,NA,0,FALSE,0,NA,11,NA,NA
1988,"Washington",50.0476879,48.45642924,42.58081721,37.31607203,"DEM",42.8588481428571,4,5.4,5.33333333333333,"WA",1988,412.21537027,"58.60",62.9,60.6,0,FALSE,0,NA,11,NA,NA
1988,"West Virginia",52.19811085,47.46055095,44.59783457,49.81083481,"DEM",43.633639,4,5.4,5.33333333333333,"WV",1988,121.98644928,NA,NA,53.5,0,FALSE,0,NA,11,NA,NA
1988,"Wisconsin",51.41403025,47.79591058,45.02170061,43.18031551,"DEM",44.856712,4,5.4,5.33333333333333,"WI",1988,229.64494506,NA,NA,NA,0,FALSE,0,NA,11,NA,NA
1988,"Wyoming",38.01337857,60.53038499,28.2428771,27.97021159,"DEM",27.7901694285714,4,5.4,5.33333333333333,"WY",1988,98.99248839,"59.20",57.9,55.4,0,FALSE,0,NA,11,NA,NA
1992,"Alabama",40.8800635,47.6454036,39.86329831,38.28078127,"DEM",40.5541474285714,4,4.2,7.36666666666667,"AL",1992,217.80542399,NA,NA,NA,0,FALSE,0,1,14,14,NA
1992,"Alaska",30.28711132,39.45749809,36.27096284,29.86777775,"DEM",33.6915172857143,4,4.2,7.36666666666667,"AK",1992,215.6698143,"67.10",57.3,62.1,0,FALSE,0,1,14,14,NA
1992,"Arizona",36.5204526,38.47314178,38.74387412,32.54264317,"DEM",33.0456397142857,4,4.2,7.36666666666667,"AZ",1992,777.3920723,"56.70",49.1,48.9,0,FALSE,0,1,14,14,NA
1992,"Arkansas",53.20795285,35.48339931,42.19173217,38.290785,"DEM",52.049395,4,4.2,7.36666666666667,"AR",1992,117.23318074,NA,NA,NA,0,FALSE,0,1,14,14,NA
1992,"California",46.00658784,32.61466938,47.55944256,41.2677757,"DEM",48.9582438571429,4,4.2,7.36666666666667,"CA",1992,1858.1312681,"61.60",57.5,58.9,0,FALSE,0,1,14,14,NA
1992,"Colorado",40.12802865,35.86905263,45.28240432,35.1228983,"DEM",39.6215677142857,4,4.2,7.36666666666667,"CO",1992,187.02973639,"64.00",60.8,59.2,0,FALSE,0,1,14,14,NA
1992,"Connecticut",42.21857296,35.78324122,46.87451936,38.82998159,"DEM",44.091004,4,4.2,7.36666666666667,"CT",1992,1782.6532059,"69.80",61.4,64.8,0,FALSE,0,1,14,14,NA
1992,"Delaware",43.52392791,35.3266349,43.4777563,39.93212136,"DEM",40.2793668571429,4,4.2,7.36666666666667,"DE",1992,796.8540915,"58.30",54,58.4,0,FALSE,0,1,14,14,NA
1992,"Florida",38.99012156,40.90249694,38.50721693,34.66024697,"DEM",38.4770301428571,4,4.2,7.36666666666667,"FL",1992,466.31440833,"57.20",NA,NA,0,FALSE,0,1,14,14,NA
1992,"Georgia",43.46868534,42.87785319,39.49842844,39.78530524,"DEM",38.7939642857143,4,4.2,7.36666666666667,"GA",1992,139.09570492,NA,NA,NA,0,FALSE,0,1,14,14,NA
1992,"Hawaii",48.09275779,36.69704593,54.26944008,43.81591563,"DEM",43.7187854285714,4,4.2,7.36666666666667,"HI",1992,1236.2741283,"48.20",49.8,50.3,0,FALSE,0,1,14,14,NA
1992,"Idaho",28.41921205,42.0325898,36.01064142,26.39221295,"DEM",28.7275842857143,4,4.2,7.36666666666667,"ID",1992,79.89036036,"66.90",63.1,63.7,0,FALSE,0,1,14,14,NA
1992,"Illinois",48.57967782,34.33746713,48.60455527,43.29655321,"DEM",47.088096,4,4.2,7.36666666666667,"IL",1992,330.22501433,"63.60",59.1,62.7,0,FALSE,0,1,14,14,NA
1992,"Indiana",36.79390564,42.90678013,39.68618767,37.68271379,"DEM",36.8469768571429,4,4.2,7.36666666666667,"IN",1992,178.23941437,"56.40",55.6,57.9,0,FALSE,0,1,14,14,NA
1992,"Iowa",43.28583862,37.27213871,54.71192398,45.8870818,"DEM",38.8831831428571,4,4.2,7.36666666666667,"IA",1992,92.31323323,"66.10",61.4,65.1,0,FALSE,0,1,14,14,NA
1992,"Kansas",33.73849414,38.8815246,42.55964489,32.59803658,"DEM",37.1857982857143,4,4.2,7.36666666666667,"KS",1992,68.60721384,"64.10",NA,NA,0,FALSE,0,1,14,14,NA
1992,"Kentucky",44.55114207,41.34088017,43.88359469,39.40124658,"DEM",43.2529315714286,4,4.2,7.36666666666667,"KY",1992,120.97365633,NA,NA,NA,0,FALSE,0,1,14,14,NA
1992,"Louisiana",45.58453914,40.97089581,44.0645571,38.17539263,"DEM",38.148056,4,4.2,7.36666666666667,"LA",1992,320.52340664,"60.00",NA,NA,0,FALSE,0,1,14,14,NA
1992,"Maine",38.7667973,30.39062603,43.88353888,38.78104074,"DEM",34.2796682,4,4.2,7.36666666666667,"ME",1992,345.23156518,NA,NA,NA,0,FALSE,0,1,14,14,NA
1992,"Maryland",49.81260519,35.62940269,48.19903427,47.01639086,"DEM",40.8941875714286,4,4.2,7.36666666666667,"MD",1992,790.9896392,"58.10",52.5,54.5,0,FALSE,0,1,14,14,NA
1992,"Massachusetts",47.54141093,29.02438796,53.22905149,48.43378267,"DEM",37.004768,4,4.2,7.36666666666667,"MA",1992,2433.8511442,"64.90",61.3,60.7,0,FALSE,0,1,14,14,NA
1992,"Michigan",43.77368748,36.37564792,45.67207835,40.23607594,"DEM",40.7899818571429,4,4.2,7.36666666666667,"MI",1992,415.3764509,"64.00",56.7,60.6,0,FALSE,0,1,14,14,NA
1992,"Minnesota",43.48465128,31.85083315,52.91283343,49.71884656,"DEM",41.6633884285714,4,4.2,7.36666666666667,"MN",1992,184.56085984,"73.90",68.8,70.9,0,FALSE,0,1,14,14,NA
1992,"Mississippi",40.76806414,49.68389467,39.06714459,37.42328159,"DEM",37.2064358571429,4,4.2,7.36666666666667,"MS",1992,133.51909141,"54.30",NA,NA,0,FALSE,0,1,14,14,NA
1992,"Missouri",44.07168576,33.92168178,47.85044916,39.97524933,"DEM",43.5992518571429,4,4.2,7.36666666666667,"MO",1992,144.79657832,NA,NA,NA,0,FALSE,0,1,14,14,NA
1992,"Montana",37.63112452,35.12249655,46.19852656,38.17658185,"DEM",33.675058,4,4.2,7.36666666666667,"MT",1992,68.62140994,"70.40",66.7,68.2,0,FALSE,0,1,14,14,NA
1992,"Nebraska",29.40345416,46.59750036,39.19103807,28.80982686,"DEM",30.5936017142857,4,4.2,7.36666666666667,"NE",1992,53.046343391,"64.80",60.3,59.1,0,FALSE,0,1,14,14,NA
1992,"Nevada",37.35755,34.72679225,38.6841254,32.41934514,"DEM",35.2712422857143,4,4.2,7.36666666666667,"NV",1992,183.58494972,"54.60",46.1,44.8,0,FALSE,0,1,14,14,NA
1992,"New Hampshire",38.91179509,37.69142708,36.33449864,30.94516899,"DEM",39.2405087142857,4,4.2,7.36666666666667,"NH",1992,377.63185255,"67.00",57.8,56.6,0,FALSE,0,1,14,14,NA
1992,"New Jersey",42.95395912,40.58103346,42.59814238,39.19754794,"DEM",42.7669347142857,4,4.2,7.36666666666667,"NJ",1992,1229.1690558,"62.00",57.1,60.5,0,FALSE,0,1,14,14,NA
1992,"New Mexico",45.89884664,37.33846094,46.89357425,39.22643233,"DEM",42.0069855714286,4,4.2,7.36666666666667,"NM",1992,200.9816095,"55.00",53.4,54.6,0,FALSE,0,1,14,14,NA
1992,"New York",47.27630691,28.83974308,50.19497561,44.09238689,"DEM",49.4596992857143,4,4.2,7.36666666666667,"NY",1992,1870.9307759,"57.80",54,57.2,0,FALSE,0,1,14,14,NA
1992,"North Carolina",42.6533683,43.44280874,41.70631146,37.89196368,"DEM",40.9970922857143,4,4.2,7.36666666666667,"NC",1992,234.92995077,NA,NA,NA,0,FALSE,0,1,14,14,NA
1992,"North Dakota",32.18350517,44.21597167,42.97200104,33.79896495,"DEM",32.8844404285714,4,4.2,7.36666666666667,"ND",1992,61.92066415,"68.10",66.2,67.2,0,FALSE,0,1,14,14,NA
1992,"Ohio",40.18128056,38.34661244,44.14684136,40.00319948,"DEM",42.6916697142857,4,4.2,7.36666666666667,"OH",1992,427.63260573,"62.50",57.3,60.3,0,FALSE,0,1,14,14,NA
1992,"Oklahoma",34.0247375,42.64574833,41.28165146,30.66714662,"DEM",37.4712657142857,4,4.2,7.36666666666667,"OK",1992,152.62116227,"63.50",53.1,55.5,0,FALSE,0,1,14,14,NA
1992,"Oregon",42.47885506,32.52721272,51.2781124,43.73968123,"DEM",40.2035401428571,4,4.2,7.36666666666667,"OR",1992,278.68702048,"69.90",62.3,66.4,0,FALSE,0,1,14,14,NA
1992,"Pennsylvania",45.14616487,36.12721052,48.3867405,45.98917667,"DEM",40.2522045714286,4,4.2,7.36666666666667,"PA",1992,648.5478715,NA,NA,NA,0,FALSE,0,1,14,14,NA
1992,"Rhode Island",47.04796356,29.02760469,55.63785459,48.01736466,"DEM",50.2875624285714,4,4.2,7.36666666666667,"RI",1992,1095.7258484,NA,57.6,60.6,0,FALSE,0,1,14,14,NA
1992,"South Carolina",42.76254117,46.99335673,37.58119855,35.56517151,"DEM",33.7378192857143,4,4.2,7.36666666666667,"SC",1992,275.52840755,"47.30",42.5,43.7,0,FALSE,0,1,14,14,NA
1992,"South Dakota",37.14097081,40.65914458,46.50612957,36.52879978,"DEM",36.3434081428571,4,4.2,7.36666666666667,"SD",1992,48.41246109,NA,NA,NA,0,FALSE,0,1,14,14,NA
1992,"Tennessee",47.08479309,42.43336403,41.5458518,41.57224942,"DEM",44.4787954285714,4,4.2,7.36666666666667,"TN",1992,192.1290953,NA,NA,NA,0,FALSE,0,1,14,14,NA
1992,"Texas",37.07845833,40.56002111,43.34936922,36.11394829,"DEM",36.967997,4,4.2,7.36666666666667,"TX",1992,190.72541507,NA,NA,NA,0,FALSE,0,1,14,14,NA
1992,"Utah",24.65450176,43.3646327,32.04643528,24.67521948,"DEM",24.6795692857143,4,4.2,7.36666666666667,"UT",1992,195.85199136,"67.50",63.4,64.3,0,FALSE,0,1,14,14,NA
1992,"Vermont",46.11375176,30.41825883,47.57980997,40.81241127,"DEM",40.8296277142857,4,4.2,7.36666666666667,"VT",1992,198.68873434,"69.70",66.7,61.6,0,FALSE,0,1,14,14,NA
1992,"Virginia",40.5860744,44.95736635,39.23140487,37.09293848,"DEM",32.724606,4,4.2,7.36666666666667,"VA",1992,125.54025076,NA,NA,NA,0,FALSE,0,1,14,14,NA
1992,"Washington",43.41022004,31.96560535,50.0476879,42.58081721,"DEM",44.842067,4,4.2,7.36666666666667,"WA",1992,492.0197069,"65.00",58.6,62.9,0,FALSE,0,1,14,14,NA
1992,"West Virginia",48.41482162,35.39302916,52.19811085,44.59783457,"DEM",44.3130624285714,4,4.2,7.36666666666667,"WV",1992,150.39037654,NA,NA,NA,0,FALSE,0,1,14,14,NA
1992,"Wisconsin",41.13155574,36.77722096,51.41403025,45.02170061,"DEM",39.9306021428571,4,4.2,7.36666666666667,"WI",1992,249.42837851,NA,NA,NA,0,FALSE,0,1,14,14,NA
1992,"Wyoming",34.09977787,39.69652398,38.01337857,28.2428771,"DEM",30.3872638571429,4,4.2,7.36666666666667,"WY",1992,101.93344323,"62.80",59.2,57.9,0,FALSE,0,1,14,14,NA
1996,"Alabama",43.1560877,50.12184321,40.8800635,39.86329831,"DEM",41.1470671428571,4,4.2,5.33333333333333,"AL",1996,304.79396163,NA,NA,NA,1,TRUE,1,1,10,10,-0.171
1996,"Alaska",33.26711365,50.80125817,30.28711132,36.27096284,"DEM",34.283656,4,4.2,5.33333333333333,"AK",1996,231.05499539,"60.70",67.1,57.3,1,TRUE,1,1,10,10,-0.221
1996,"Arizona",46.51706595,44.2944165,36.5204526,38.74387412,"DEM",44.7959778571429,4,4.2,5.33333333333333,"AZ",1996,1247.9850828,"46.50",56.7,49.1,1,TRUE,1,1,10,10,0.061
1996,"Arkansas",53.73644915,36.80085766,53.20795285,42.19173217,"DEM",52.1675622857143,4,4.2,5.33333333333333,"AR",1996,162.23046225,NA,NA,NA,1,TRUE,1,1,10,10,0.424
1996,"California",51.09886562,38.20942008,46.00658784,47.55944256,"DEM",50.287193,4,4.2,5.33333333333333,"CA",1996,2979.568266,"55.00",61.6,57.5,1,TRUE,1,1,10,10,0.473
1996,"Colorado",44.42649841,45.79645754,40.12802865,45.28240432,"DEM",44.5428931428571,4,4.2,5.33333333333333,"CO",1996,243.13929991,NA,64,60.8,1,TRUE,1,1,10,10,-0.256
1996,"Connecticut",52.83158147,34.69080449,42.21857296,46.87451936,"DEM",49.8612237142857,4,4.2,5.33333333333333,"CT",1996,2490.3941064,"60.40",69.8,61.4,1,TRUE,1,1,10,10,0.87
1996,"Delaware",51.82784978,36.57988996,43.52392791,43.4777563,"DEM",46.2903465714286,4,4.2,5.33333333333333,"DE",1996,1190.5012529,"52.50",58.3,54,1,TRUE,1,1,10,10,0.685
1996,"Florida",48.0255712,42.32454875,38.99012156,38.50721693,"DEM",46.106907,4,4.2,5.33333333333333,"FL",1996,768.86937,"53.30",57.2,NA,1,TRUE,1,1,10,10,-0.455
1996,"Georgia",45.84146585,47.01568011,43.46868534,39.49842844,"DEM",45.3705868571429,4,4.2,5.33333333333333,"GA",1996,199.6199181,"45.80",NA,NA,1,TRUE,1,1,10,10,-0.461
1996,"Hawaii",56.92880151,31.64028657,48.09275779,54.26944008,"DEM",52.7830817142857,4,4.2,5.33333333333333,"HI",1996,1732.3630914,"45.10",48.2,49.8,1,TRUE,1,1,10,10,-1.273
1996,"Idaho",33.64638985,52.18410814,28.41921205,36.01064142,"DEM",30.7627517142857,4,4.2,5.33333333333333,"ID",1996,107.41461834,"61.60",66.9,63.1,1,TRUE,1,1,10,10,-1.602
1996,"Illinois",54.31527783,36.80995298,48.57967782,48.60455527,"DEM",50.690207,4,4.2,5.33333333333333,"IL",1996,511.6394179,"53.80",63.6,59.1,1,TRUE,1,1,10,10,0.473
1996,"Indiana",41.55713765,47.14238016,36.79390564,39.68618767,"DEM",38.7230227142857,4,4.2,5.33333333333333,"IN",1996,243.13683716,"51.00",56.4,55.6,1,TRUE,1,1,10,10,0.567
1996,"Iowa",50.26096469,39.9201021,43.28583862,54.71192398,"DEM",48.545714,4,4.2,5.33333333333333,"IA",1996,123.31805824,"59.70",66.1,61.4,1,TRUE,1,1,10,10,0.37
1996,"Kansas",36.0847994,54.29070092,33.73849414,42.55964489,"DEM",38.1481124285714,4,4.2,5.33333333333333,"KS",1996,96.09089646,"57.80",64.1,NA,1,TRUE,1,1,10,10,-0.27
1996,"Kentucky",45.84217849,44.88222146,44.55114207,43.88359469,"DEM",45.2595321428571,4,4.2,5.33333333333333,"KY",1996,159.49572953,"49.30",NA,NA,1,TRUE,1,1,10,10,0.133
1996,"Louisiana",52.00999575,39.94407943,45.58453914,44.0645571,"DEM",46.3287471428571,4,4.2,5.33333333333333,"LA",1996,476.4356741,"58.40",60,NA,1,TRUE,1,1,10,10,1.009
1996,"Maine",51.62395589,30.76067384,38.7667973,43.88353888,"DEM",49.0392265714286,4,4.2,5.33333333333333,"ME",1996,501.8241875,NA,NA,NA,1,TRUE,1,1,10,10,-1.191
1996,"Maryland",54.25477435,38.26949749,49.81260519,48.19903427,"DEM",51.3872397142857,4,4.2,5.33333333333333,"MD",1996,1070.6467591,"50.80",58.1,52.5,1,TRUE,1,1,10,10,0.473
1996,"Massachusetts",61.47209871,28.08799202,47.54141093,53.22905149,"DEM",57.1207464285714,4,4.2,5.33333333333333,"MA",1996,3319.9514127,"59.30",64.9,61.3,1,TRUE,1,1,10,10,0.274
1996,"Michigan",51.69482057,38.48459434,43.77368748,45.67207835,"DEM",47.2887881428571,4,4.2,5.33333333333333,"MI",1996,551.9758835,"56.30",64,56.7,1,TRUE,1,1,10,10,0.907
1996,"Minnesota",51.10075658,34.95542971,43.48465128,52.91283343,"DEM",52.2905554285714,4,4.2,5.33333333333333,"MN",1996,258.34050542,"66.60",73.9,68.8,1,TRUE,1,1,10,10,-1.097
1996,"Mississippi",44.08110022,49.20675231,40.76806414,39.06714459,"DEM",39.1847494285714,4,4.2,5.33333333333333,"MS",1996,182.47102781,NA,54.3,NA,1,TRUE,1,1,10,10,0.589
1996,"Missouri",47.53957828,41.24138986,44.07168576,47.85044916,"DEM",47.0865334285714,4,4.2,5.33333333333333,"MO",1996,217.08247596,NA,NA,NA,1,TRUE,1,1,10,10,0.862
1996,"Montana",41.25006448,44.13154074,37.63112452,46.19852656,"DEM",40.6248131428571,4,4.2,5.33333333333333,"MT",1996,90.47607303,"64.70",70.4,66.7,1,TRUE,1,1,10,10,-0.731
1996,"Nebraska",34.95065802,53.65499731,29.40345416,39.19103807,"DEM",36.5286252857143,4,4.2,5.33333333333333,"NE",1996,76.51015473,"57.80",64.8,60.3,1,TRUE,1,1,10,10,-0.221
1996,"Nevada",43.93349688,42.91471292,37.35755,38.6841254,"DEM",41.9372267142857,4,4.2,5.33333333333333,"NV",1996,282.94651642,"41.20",54.6,46.1,1,TRUE,1,1,10,10,-0.234
1996,"New Hampshire",49.57057735,39.56648953,38.91179509,36.33449864,"DEM",49.7356364285714,4,4.2,5.33333333333333,"NH",1996,540.7760109,"60.10",67,57.8,1,TRUE,1,1,10,10,-1.573
1996,"New Jersey",53.72029286,35.8631082,42.95395912,42.59814238,"DEM",49.7712454285714,4,4.2,5.33333333333333,"NJ",1996,1894.8641197,"56.90",62,57.1,1,TRUE,1,1,10,10,0.473
1996,"New Mexico",49.18320224,41.85611987,45.89884664,46.89357425,"DEM",47.9993871428571,4,4.2,5.33333333333333,"NM",1996,308.14468044,"49.50",55,53.4,1,TRUE,1,1,10,10,-0.278
1996,"New York",56.67893903,27.00220791,47.27630691,50.19497561,"DEM",55.062084,4,4.2,5.33333333333333,"NY",1996,2512.6884312,"52.90",57.8,54,1,TRUE,1,1,10,10,1.431
1996,"North Carolina",44.03553214,48.72941366,42.6533683,41.70631146,"DEM",43.7108828571429,4,4.2,5.33333333333333,"NC",1996,335.08518561,NA,NA,NA,1,TRUE,1,1,10,10,0.384
1996,"North Dakota",40.12784757,46.93875253,32.18350517,42.97200104,"DEM",37.0823901428571,4,4.2,5.33333333333333,"ND",1996,80.6254852,"57.10",68.1,66.2,1,TRUE,1,1,10,10,-1.905
1996,"Ohio",47.37574745,41.01687223,40.18128056,44.14684136,"DEM",47.3811095714286,4,4.2,5.33333333333333,"OH",1996,605.553878,"56.70",62.5,57.3,1,TRUE,1,1,10,10,0.495
1996,"Oklahoma",40.44913745,48.25629624,34.0247375,41.28165146,"DEM",40.0307408571429,4,4.2,5.33333333333333,"OK",1996,191.11641632,"51.40",63.5,53.1,1,TRUE,1,1,10,10,-0.367
1996,"Oregon",47.15197132,39.05992335,42.47885506,51.2781124,"DEM",48.9202702857143,4,4.2,5.33333333333333,"OR",1996,420.32947213,"60.60",69.9,62.3,1,TRUE,1,1,10,10,0.274
1996,"Pennsylvania",49.22612477,40.01435583,45.14616487,48.3867405,"DEM",48.8444425714286,4,4.2,5.33333333333333,"PA",1996,938.7057393,NA,NA,NA,1,TRUE,1,1,10,10,0.907
1996,"Rhode Island",59.71858848,26.82480583,47.04796356,55.63785459,"DEM",54.5600101428571,4,4.2,5.33333333333333,"RI",1996,1511.8294902,NA,NA,57.6,1,TRUE,1,1,10,10,1.065
1996,"South Carolina",44.00625292,49.84767628,42.76254117,37.58119855,"DEM",40.9291185714286,4,4.2,5.33333333333333,"SC",1996,374.09058731,"44.10",47.3,42.5,1,TRUE,1,1,10,10,0.506
1996,"South Dakota",43.0271195,46.48885513,37.14097081,46.50612957,"DEM",41.0267088571429,4,4.2,5.33333333333333,"SD",1996,65.46399221,"62.20",NA,NA,1,TRUE,1,1,10,10,-0.154
1996,"Tennessee",47.99871179,45.59039758,47.08479309,41.5458518,"DEM",45.755475,4,4.2,5.33333333333333,"TN",1996,269.91906662,NA,NA,NA,1,TRUE,1,1,10,10,-0.558
1996,"Texas",43.83177194,48.75874165,37.07845833,43.34936922,"DEM",40.312559,4,4.2,5.33333333333333,"TX",1996,306.85886438,NA,NA,NA,1,TRUE,1,1,10,10,-0.317
1996,"Utah",33.29677643,54.3712789,24.65450176,32.04643528,"DEM",33.7700938571429,4,4.2,5.33333333333333,"UT",1996,274.84831451,"52.10",67.5,63.4,1,TRUE,1,1,10,10,0.354
1996,"Vermont",53.35443356,31.09007967,46.11375176,47.57980997,"DEM",52.3620065714286,4,4.2,5.33333333333333,"VT",1996,254.97336823,"60.00",69.7,66.7,1,TRUE,1,1,10,10,-0.289
1996,"Virginia",45.14777116,47.10461872,40.5860744,39.23140487,"DEM",43.2572165714286,4,4.2,5.33333333333333,"VA",1996,161.05650085,"51.30",NA,NA,1,TRUE,1,1,10,10,0.862
1996,"Washington",49.84047205,37.30136651,43.41022004,50.0476879,"DEM",47.5157248571429,4,4.2,5.33333333333333,"WA",1996,690.8001809,"59.90",65,58.6,1,TRUE,1,1,10,10,0.907
1996,"West Virginia",51.5055958,36.75743449,48.41482162,52.19811085,"DEM",50.8886008571429,4,4.2,5.33333333333333,"WV",1996,231.25755106,"47.10",NA,NA,1,TRUE,1,1,10,10,0.907
1996,"Wisconsin",48.81095216,38.47741226,41.13155574,51.41403025,"DEM",49.7536801428571,4,4.2,5.33333333333333,"WI",1996,318.38688139,NA,NA,NA,1,TRUE,1,1,10,10,-1.349
1996,"Wyoming",36.83586125,49.81211981,34.09977787,38.01337857,"DEM",37.6024635714286,4,4.2,5.33333333333333,"WY",1996,121.19756791,"62.50",62.8,59.2,1,TRUE,1,1,10,10,-1.761
2000,"Alabama",41.56650295,56.48375535,43.1560877,40.8800635,"DEM",35.8934787142857,4,2.4,3.9,"AL",2000,344.47707823,NA,NA,NA,0,TRUE,1,1,7,7,0.102
2000,"Alaska",27.66633982,58.62095532,33.26711365,30.28711132,"DEM",25.6306134285714,4,2.4,3.9,"AK",2000,292.58233826,"68.70",60.7,67.1,0,TRUE,1,1,7,7,-0.269
2000,"Arizona",44.73458502,51.02113816,46.51706595,36.5204526,"DEM",39.5673081428571,4,2.4,3.9,"AZ",2000,1453.8648842,"46.40",46.5,56.7,0,TRUE,1,1,7,7,0.065
2000,"Arkansas",45.86425626,51.3071977,53.73644915,53.20795285,"DEM",43.3564161428571,4,2.4,3.9,"AR",2000,183.08418638,NA,NA,NA,0,TRUE,1,1,7,7,0.657
2000,"California",53.44973683,41.65149681,51.09886562,46.00658784,"DEM",46.2532764285714,4,2.4,3.9,"CA",2000,3319.3186924,"56.60",55,61.6,0,TRUE,1,1,7,7,0.427
2000,"Colorado",42.39350901,50.75021477,44.42649841,40.12802865,"DEM",37.3567511428571,4,2.4,3.9,"CO",2000,273.3883776,NA,NA,64,0,TRUE,1,1,7,7,-0.02
2000,"Connecticut",55.90962813,38.44360323,52.83158147,42.21857296,"DEM",46.3417301428571,4,2.4,3.9,"CT",2000,2662.798346,"62.50",60.4,69.8,0,TRUE,1,1,7,7,0.466
2000,"Delaware",54.97772716,41.91628833,51.82784978,43.52392791,"DEM",46.1847267142857,4,2.4,3.9,"DE",2000,1390.3850335,NA,52.5,58.3,0,TRUE,1,1,7,7,0.544
2000,"Florida",48.8378212,48.84682657,48.0255712,38.99012156,"DEM",45.8418021428571,4,2.4,3.9,"FL",2000,879.725719,"57.50",53.3,57.2,0,TRUE,1,1,7,7,-0.381
2000,"Georgia",43.21099966,54.95956965,45.84146585,43.46868534,"DEM",39.5763082857143,4,2.4,3.9,"GA",2000,224.16268755,"47.60",45.8,NA,0,TRUE,1,1,7,7,-0.479
2000,"Hawaii",55.79166791,37.4628687,56.92880151,48.09275779,"DEM",51.1613297142857,4,2.4,3.9,"HI",2000,1607.3972614,"44.60",45.1,48.2,0,TRUE,1,1,7,7,-0.963
2000,"Idaho",27.63812884,67.17043948,33.64638985,28.41921205,"DEM",27.6721588571429,4,2.4,3.9,"ID",2000,131.75280812,"58.90",61.6,66.9,0,TRUE,1,1,7,7,-1.733
2000,"Illinois",54.59652121,42.58487997,54.31527783,48.57967782,"DEM",44.7162518571429,4,2.4,3.9,"IL",2000,552.4741815,"58.50",53.8,63.6,0,TRUE,1,1,7,7,0.427
2000,"Indiana",41.01210293,56.6468816,41.55713765,36.79390564,"DEM",32.9222491428571,4,2.4,3.9,"IN",2000,265.45110618,"50.80",51,56.4,0,TRUE,1,1,7,7,0.703
2000,"Iowa",47.19191558,46.88563822,50.26096469,43.28583862,"DEM",43.2569128571429,4,2.4,3.9,"IA",2000,133.39009103,NA,59.7,66.1,0,TRUE,1,1,7,7,-0.005
2000,"Kansas",37.23839226,58.04166325,36.0847994,33.73849414,"DEM",31.6012697142857,4,2.4,3.9,"KS",2000,104.37108214,"56.70",57.8,64.1,0,TRUE,1,1,7,7,-0.343
2000,"Kentucky",41.37818259,56.50648336,45.84217849,44.55114207,"DEM",40.4984808571429,4,2.4,3.9,"KY",2000,190.72380163,"53.10",49.3,NA,0,TRUE,1,1,7,7,0.314
2000,"Louisiana",44.87533245,52.55106317,52.00999575,45.58453914,"DEM",39.2162801428571,4,2.4,3.9,"LA",2000,423.92170023,"56.70",58.4,60,0,TRUE,1,1,7,7,0.81
2000,"Maine",49.08601647,43.97185099,51.62395589,38.7667973,"DEM",42.1305831428571,4,2.4,3.9,"ME",2000,568.5691075,NA,NA,NA,0,TRUE,1,1,7,7,-1.414
2000,"Maryland",56.48830838,40.18478066,54.25477435,49.81260519,"DEM",49.8501025714286,4,2.4,3.9,"MD",2000,1294.7822665,"55.80",50.8,58.1,0,TRUE,1,1,7,7,0.318
2000,"Massachusetts",59.12612602,32.13290299,61.47209871,47.54141093,"DEM",54.0456294285714,4,2.4,3.9,"MA",2000,3520.3926511,"60.60",59.3,64.9,0,TRUE,1,1,7,7,0.182
2000,"Michigan",51.27979887,46.14621473,51.69482057,43.77368748,"DEM",43.977295,4,2.4,3.9,"MI",2000,597.0486449,"60.50",56.3,64,0,TRUE,1,1,7,7,0.816
2000,"Minnesota",47.90557206,45.50235065,51.10075658,43.48465128,"DEM",42.9329398571429,4,2.4,3.9,"MN",2000,272.25522793,"70.10",66.6,73.9,0,TRUE,1,1,7,7,-1.094
2000,"Mississippi",40.69810015,57.6195151,44.08110022,40.76806414,"DEM",38.1189751428571,4,2.4,3.9,"MS",2000,206.27190772,NA,NA,54.3,0,TRUE,1,1,7,7,0.731
2000,"Missouri",47.08427335,50.42281596,47.53957828,44.07168576,"DEM",43.7020658571429,4,2.4,3.9,"MO",2000,247.08757411,NA,NA,NA,0,TRUE,1,1,7,7,0.761
2000,"Montana",33.36512679,58.43946022,41.25006448,37.63112452,"DEM",32.3463598571429,4,2.4,3.9,"MT",2000,114.52595042,"62.60",64.7,70.4,0,TRUE,1,1,7,7,-0.604
2000,"Nebraska",33.25303901,62.24536203,34.95065802,29.40345416,"DEM",31.2721544285714,4,2.4,3.9,"NE",2000,90.19639857,"57.80",57.8,64.8,0,TRUE,1,1,7,7,-0.121
2000,"Nevada",45.94126276,49.48508925,43.93349688,37.35755,"DEM",41.5650875714286,4,2.4,3.9,"NV",2000,365.03718712,"45.60",41.2,54.6,0,TRUE,1,1,7,7,0.007
2000,"New Hampshire",46.80317916,48.07030985,49.57057735,38.91179509,"DEM",40.8520015714286,4,2.4,3.9,"NH",2000,611.0802824,"65.00",60.1,67,0,TRUE,1,1,7,7,-1.222
2000,"New Jersey",56.12560892,40.29124386,53.72029286,42.95395912,"DEM",46.225233,4,2.4,3.9,"NJ",2000,1959.501993,"58.80",56.9,62,0,TRUE,1,1,7,7,0.427
2000,"New Mexico",47.90855405,47.8474119,49.18320224,45.89884664,"DEM",42.1963014285714,4,2.4,3.9,"NM",2000,375.03044854,"49.90",49.5,55,0,TRUE,1,1,7,7,-0.048
2000,"New York",56.63927048,32.44981656,56.67893903,47.27630691,"DEM",52.5832695714286,4,2.4,3.9,"NY",2000,2710.1069522,"56.20",52.9,57.8,0,TRUE,1,1,7,7,0.85
2000,"North Carolina",43.14567117,55.95775629,44.03553214,42.6533683,"DEM",40.4484925714286,4,2.4,3.9,"NC",2000,405.45824117,"52.50",NA,NA,0,TRUE,1,1,7,7,0.318
2000,"North Dakota",33.0553397,60.65858126,40.12784757,32.18350517,"DEM",34.491855,4,2.4,3.9,"ND",2000,103.07396413,"61.10",57.1,68.1,0,TRUE,1,1,7,7,-2.225
2000,"Ohio",46.44042809,49.98647384,47.37574745,40.18128056,"DEM",41.514454,4,2.4,3.9,"OH",2000,638.3416119,"57.80",56.7,62.5,0,TRUE,1,1,7,7,0.454
2000,"Oklahoma",38.42690457,60.30785211,40.44913745,34.0247375,"DEM",36.061283,4,2.4,3.9,"OK",2000,224.43619814,NA,51.4,63.5,0,TRUE,1,1,7,7,-0.156
2000,"Oregon",46.95994002,46.51892174,47.15197132,42.47885506,"DEM",41.3481941428571,4,2.4,3.9,"OR",2000,486.8050755,"65.90",60.6,69.9,0,TRUE,1,1,7,7,0.235
2000,"Pennsylvania",50.60817131,46.43813293,49.22612477,45.14616487,"DEM",44.394596,4,2.4,3.9,"PA",2000,1042.9720926,NA,NA,NA,0,TRUE,1,1,7,7,0.816
2000,"Rhode Island",60.98770019,31.91179921,59.71858848,47.04796356,"DEM",51.5269198571429,4,2.4,3.9,"RI",2000,1643.865061,"54.70",NA,NA,0,TRUE,1,1,7,7,0.858
2000,"South Carolina",40.90152337,56.86038462,44.00625292,42.76254117,"DEM",38.9721931428571,4,2.4,3.9,"SC",2000,430.95276603,"48.70",44.1,47.3,0,TRUE,1,1,7,7,0.694
2000,"South Dakota",37.56422539,60.29677268,43.0271195,37.14097081,"DEM",33.5442567142857,4,2.4,3.9,"SD",2000,79.09122087,"58.70",62.2,NA,0,TRUE,1,1,7,7,-0.039
2000,"Tennessee",47.28489472,51.14915318,47.99871179,47.08479309,"DEM",45.1010997142857,4,2.4,3.9,"TN",2000,321.97767805,"50.50",NA,NA,0,TRUE,1,1,7,7,0.253
2000,"Texas",37.98195809,59.29859947,43.83177194,37.07845833,"DEM",28.1514721428571,4,2.4,3.9,"TX",2000,343.95583569,"49.20",NA,NA,0,TRUE,1,1,7,7,0.332
2000,"Utah",26.34472218,66.83014295,33.29677643,24.65450176,"DEM",26.1592875714286,4,2.4,3.9,"UT",2000,319.63790103,"54.80",52.1,67.5,0,TRUE,1,1,7,7,0.218
2000,"Vermont",50.63470922,40.6971608,53.35443356,46.11375176,"DEM",46.8454177142857,4,2.4,3.9,"VT",2000,311.19409605,"64.70",60,69.7,0,TRUE,1,1,7,7,-0.873
2000,"Virginia",44.43561054,52.47372919,45.14777116,40.5860744,"DEM",41.0049484285714,4,2.4,3.9,"VA",2000,184.41011111,"55.00",51.3,NA,0,TRUE,1,1,7,7,0.761
2000,"Washington",50.15821532,44.57864795,49.84047205,43.41022004,"DEM",45.2931524285714,4,2.4,3.9,"WA",2000,771.2399901,"61.40",59.9,65,0,TRUE,1,1,7,7,0.816
2000,"West Virginia",45.59266437,51.91521993,51.5055958,48.41482162,"DEM",40.0890418571429,4,2.4,3.9,"WV",2000,238.14183131,NA,47.1,NA,0,TRUE,1,1,7,7,0.816
2000,"Wisconsin",47.83281966,47.61316351,48.81095216,41.13155574,"DEM",43.5118101428571,4,2.4,3.9,"WI",2000,355.13265531,NA,NA,NA,0,TRUE,1,1,7,7,-1.414
2000,"Wyoming",28.29838204,69.22274314,36.83586125,34.09977787,"DEM",29.6616772857143,4,2.4,3.9,"WY",2000,140.75519623,"61.40",62.5,62.8,0,TRUE,1,1,7,7,-1.776
2004,"Alabama",36.84440232,62.46068976,41.56650295,43.1560877,"DEM",33.9857635714286,4,4.1,5.43333333333333,"AL",2004,430.66871749,"57.40",NA,NA,0,FALSE,0,0,7,0,0.295
2004,"Alaska",35.51686191,61.06532991,27.66633982,33.26711365,"DEM",31.1415102857143,4,4.1,5.43333333333333,"AK",2004,478.2784341,"69.60",68.7,60.7,0,FALSE,0,0,7,0,0.072
2004,"Arizona",44.39683293,54.86943409,44.73458502,46.51706595,"DEM",42.3773662857143,4,4.1,5.43333333333333,"AZ",2004,2101.4066539,"54.80",46.4,46.5,0,FALSE,0,0,7,0,-0.121
2004,"Arkansas",44.54763045,54.30595908,45.86425626,53.73644915,"DEM",45.7479712857143,4,4.1,5.43333333333333,"AR",2004,259.28398042,"54.40",NA,NA,0,FALSE,0,0,7,0,0.237
2004,"California",54.30555753,44.35769598,53.44973683,51.09886562,"DEM",52.0645738571429,4,4.1,5.43333333333333,"CA",2004,3898.6084735,"59.60",56.6,55,0,FALSE,0,0,7,0,0.062
2004,"Colorado",47.03784225,51.71109535,42.39350901,44.42649841,"DEM",45.1230224285714,4,4.1,5.43333333333333,"CO",2004,350.55037946,"67.30",NA,NA,0,FALSE,0,0,7,0,-0.137
2004,"Connecticut",54.31370897,43.94727791,55.90962813,52.83158147,"DEM",50.9729031428571,4,4.1,5.43333333333333,"CT",2004,2998.5826163,"66.20",62.5,60.4,0,FALSE,0,0,7,0,-0.051
2004,"Delaware",53.3468376,45.75281857,54.97772716,51.82784978,"DEM",47.7070011428571,4,4.1,5.43333333333333,"DE",2004,1702.1951828,"64.50",NA,52.5,0,FALSE,0,0,7,0,0.546
2004,"Florida",47.09111003,52.09751623,48.8378212,48.0255712,"DEM",46.521151,4,4.1,5.43333333333333,"FL",2004,1152.4385504,"64.70",57.5,53.3,0,FALSE,0,0,7,0,-0.099
2004,"Georgia",41.37494605,57.97475677,43.21099966,45.84146585,"DEM",40.0029074285714,4,4.1,5.43333333333333,"GA",2004,292.60476485,"56.40",47.6,45.8,0,FALSE,0,0,7,0,-0.183
2004,"Hawaii",54.00955216,45.26459571,55.79166791,56.92880151,"DEM",45.7862432857143,4,4.1,5.43333333333333,"HI",2004,1662.4275358,"48.50",44.6,45.1,0,FALSE,0,0,7,0,-0.132
2004,"Idaho",30.26491704,68.39094482,27.63812884,33.64638985,"DEM",27.8395492857143,4,4.1,5.43333333333333,"ID",2004,182.82900209,"64.80",58.9,61.6,0,FALSE,0,0,7,0,-1.916
2004,"Illinois",54.82316021,44.47862683,54.59652121,54.31527783,"DEM",50.8906631428571,4,4.1,5.43333333333333,"IL",2004,661.2419648,"62.40",58.5,53.8,0,FALSE,0,0,7,0,0.098
2004,"Indiana",39.26297467,59.94476504,41.01210293,41.55713765,"DEM",35.4610364285714,4,4.1,5.43333333333333,"IN",2004,339.33645032,"55.80",50.8,51,0,FALSE,0,0,7,0,0.478
2004,"Iowa",49.23313168,49.90065751,47.19191558,50.26096469,"DEM",45.4061871428571,4,4.1,5.43333333333333,"IA",2004,174.08254598,"70.60",NA,59.7,0,FALSE,0,0,7,0,-0.131
2004,"Kansas",36.62309431,62.00398062,37.23839226,36.0847994,"DEM",35.2064064285714,4,4.1,5.43333333333333,"KS",2004,136.49455336,"62.90",56.7,57.8,0,FALSE,0,0,7,0,-0.257
2004,"Kentucky",39.68707298,59.54951383,41.37818259,45.84217849,"DEM",38.2965724285714,4,4.1,5.43333333333333,"KY",2004,237.98009364,"59.40",53.1,49.3,0,FALSE,0,0,7,0,0.552
2004,"Louisiana",42.2158647,56.72202134,44.87533245,52.00999575,"DEM",36.0059281428571,4,4.1,5.43333333333333,"LA",2004,522.5875525,"61.50",56.7,58.4,0,FALSE,0,0,7,0,0.87
2004,"Maine",53.57285569,44.57645744,49.08601647,51.62395589,"DEM",48.3058148571429,4,4.1,5.43333333333333,"ME",2004,689.2413244,"74.90",NA,NA,0,FALSE,0,0,7,0,-1.509
2004,"Maryland",55.97146761,42.97821778,56.48830838,54.25477435,"DEM",52.9780342857143,4,4.1,5.43333333333333,"MD",2004,1653.1912,"63.10",55.8,50.8,0,FALSE,0,0,7,0,0.26
2004,"Massachusetts",61.6166602,36.58840187,59.12612602,61.47209871,"DEM",57.6660514285714,4,4.1,5.43333333333333,"MA",2004,4177.206837,"64.60",60.6,59.3,0,FALSE,0,0,7,0,0.227
2004,"Michigan",51.23070673,47.81205856,51.27979887,51.69482057,"DEM",48.9855864285714,4,4.1,5.43333333333333,"MI",2004,702.6444287,"67.10",60.5,56.3,0,FALSE,0,0,7,0,0.483
2004,"Minnesota",51.08968469,47.61353379,47.90557206,51.10075658,"DEM",47.4912748571429,4,4.1,5.43333333333333,"MN",2004,340.57910841,"78.80",70.1,66.6,0,FALSE,0,0,7,0,-0.857
2004,"Mississippi",40.16111259,59.01437415,40.69810015,44.08110022,"DEM",37.824542,4,4.1,5.43333333333333,"MS",2004,273.79061434,NA,NA,NA,0,FALSE,0,0,7,0,0.904
2004,"Missouri",46.10044652,53.29619194,47.08427335,47.53957828,"DEM",45.0941182857143,4,4.1,5.43333333333333,"MO",2004,328.72033624,"66.10",NA,NA,0,FALSE,0,0,7,0,0.832
2004,"Montana",38.56502839,59.06814317,33.36512679,41.25006448,"DEM",33.6962701428571,4,4.1,5.43333333333333,"MT",2004,146.1179528,"65.20",62.6,64.7,0,FALSE,0,0,7,0,0.257
2004,"Nebraska",32.68216082,65.8986412,33.25303901,34.95065802,"DEM",31.5206081428571,4,4.1,5.43333333333333,"NE",2004,116.81013019,"64.10",57.8,57.8,0,FALSE,0,0,7,0,-0.009
2004,"Nevada",47.87804052,50.46969155,45.94126276,43.93349688,"DEM",44.539043,4,4.1,5.43333333333333,"NV",2004,497.5818234,"55.40",45.6,41.2,0,FALSE,0,0,7,0,0.266
2004,"New Hampshire",50.20161082,48.83434298,46.80317916,49.57057735,"DEM",48.165696,4,4.1,5.43333333333333,"NH",2004,776.2635972,"71.50",65,60.1,0,FALSE,0,0,7,0,-1.208
2004,"New Jersey",52.92340901,46.23881168,56.12560892,53.72029286,"DEM",49.2069268571429,4,4.1,5.43333333333333,"NJ",2004,2280.5143749,"64.20",58.8,56.9,0,FALSE,0,0,7,0,0.103
2004,"New Mexico",49.04667964,49.83842476,47.90855405,49.18320224,"DEM",45.6600444285714,4,4.1,5.43333333333333,"NM",2004,498.2354655,"60.40",49.9,49.5,0,FALSE,0,0,7,0,0.2
2004,"New York",56.13058127,37.68652999,56.63927048,56.67893903,"DEM",54.0163077142857,4,4.1,5.43333333333333,"NY",2004,3479.8293391,"58.50",56.2,52.9,0,FALSE,0,0,7,0,0.654
2004,"North Carolina",43.58314622,56.01719734,43.14567117,44.03553214,"DEM",43.1730014285714,4,4.1,5.43333333333333,"NC",2004,510.7707756,"58.70",52.5,NA,0,FALSE,0,0,7,0,-0.32
2004,"North Dakota",35.49881247,62.86133496,33.0553397,40.12784757,"DEM",33.7785457142857,4,4.1,5.43333333333333,"ND",2004,123.37395871,"65.50",61.1,57.1,0,FALSE,0,0,7,0,-2.721
2004,"Ohio",48.70668524,50.81402434,46.44042809,47.37574745,"DEM",47.3571522857143,4,4.1,5.43333333333333,"OH",2004,787.5144122,"67.90",57.8,56.7,0,FALSE,0,0,7,0,0.557
2004,"Oklahoma",34.42959834,65.57040166,38.42690457,40.44913745,"DEM",32.3770905714286,4,4.1,5.43333333333333,"OK",2004,297.87898538,NA,NA,51.4,0,FALSE,0,0,7,0,0.101
2004,"Oregon",51.34866304,47.19291674,46.95994002,47.15197132,"DEM",50.6703591428571,4,4.1,5.43333333333333,"OR",2004,613.7993988,"72.60",65.9,60.6,0,FALSE,0,0,7,0,-0.809
2004,"Pennsylvania",50.92380914,48.42366615,50.60817131,49.22612477,"DEM",49.1723585714286,4,4.1,5.43333333333333,"PA",2004,1229.5111724,NA,NA,NA,0,FALSE,0,0,7,0,0.483
2004,"Rhode Island",59.42342623,38.67143713,60.98770019,59.71858848,"DEM",54.9479321428571,4,4.1,5.43333333333333,"RI",2004,1960.8130422,"58.90",54.7,NA,0,FALSE,0,0,7,0,0.847
2004,"South Carolina",40.90183594,57.98194968,40.90152337,44.00625292,"DEM",39.2103377142857,4,4.1,5.43333333333333,"SC",2004,559.5023009,"53.20",48.7,44.1,0,FALSE,0,0,7,0,0.926
2004,"South Dakota",38.44364592,59.91113172,37.56422539,43.0271195,"DEM",37.6794767142857,4,4.1,5.43333333333333,"SD",2004,104.10079384,"69.40",58.7,62.2,0,FALSE,0,0,7,0,-0.184
2004,"Tennessee",42.52529111,56.79908949,47.28489472,47.99871179,"DEM",41.3336521428571,4,4.1,5.43333333333333,"TN",2004,417.67548061,"56.80",50.5,NA,0,FALSE,0,0,7,0,0.644
2004,"Texas",38.22426046,61.08582277,37.98195809,43.83177194,"DEM",35.5295967142857,4,4.1,5.43333333333333,"TX",2004,443.499033,NA,49.2,NA,0,FALSE,0,0,7,0,0.607
2004,"Utah",25.99564151,71.53594785,26.34472218,33.29677643,"DEM",24.3676488571429,4,4.1,5.43333333333333,"UT",2004,402.11925817,"59.80",54.8,52.1,0,FALSE,0,0,7,0,0.546
2004,"Vermont",58.93746258,38.80131536,50.63470922,53.35443356,"DEM",49.3810758571429,4,4.1,5.43333333333333,"VT",2004,406.35032135,"66.70",64.7,60,0,FALSE,0,0,7,0,-0.237
2004,"Virginia",45.5259176,53.73195657,44.43561054,45.14777116,"DEM",43.7153004285714,4,4.1,5.43333333333333,"VA",2004,249.99928241,"61.10",55,51.3,0,FALSE,0,0,7,0,0.843
2004,"Washington",52.82114831,45.64028199,50.15821532,49.84047205,"DEM",51.5797337142857,4,4.1,5.43333333333333,"WA",2004,975.9752927,"67.50",61.4,59.9,0,FALSE,0,0,7,0,0.403
2004,"West Virginia",43.2051411,56.07071787,45.59266437,51.5055958,"DEM",44.8154395714286,4,4.1,5.43333333333333,"WV",2004,280.65254572,"55.10",NA,47.1,0,FALSE,0,0,7,0,0.227
2004,"Wisconsin",49.69971708,49.31987146,47.83281966,48.81095216,"DEM",46.5647448571429,4,4.1,5.43333333333333,"WI",2004,451.9610717,"75.30",NA,NA,0,FALSE,0,0,7,0,-1.19
2008,"Alabama",38.74043429,60.31691303,36.84440232,41.56650295,"DEM",34.4062508571429,4,-8.5,6.86666666666667,"AL",2008,453.3045126,"61.00",57.4,NA,0,FALSE,0,1,8,8,0.084
2008,"Alaska",37.8893736,59.42451954,35.51686191,27.66633982,"DEM",39.1860204285714,4,-8.5,6.86666666666667,"AK",2008,446.51398521,"68.30",69.6,68.7,0,FALSE,0,1,8,8,0.315
2008,"Arizona",45.11525087,53.63524782,44.39683293,44.73458502,"DEM",43.879909,4,-8.5,6.86666666666667,"AZ",2008,2520.1503524,"57.40",54.8,46.4,0,FALSE,0,1,8,8,0.305
2008,"Arkansas",38.86465977,58.7159045,44.54763045,45.86425626,"DEM",38.9655394285714,4,-8.5,6.86666666666667,"AR",2008,265.25176388,"52.90",54.4,NA,0,FALSE,0,1,8,8,0.73
2008,"California",61.01263835,36.95485883,54.30555753,53.44973683,"DEM",56.9875995714286,4,-8.5,6.86666666666667,"CA",2008,4404.5997799,"61.70",59.6,56.6,0,FALSE,0,1,8,8,-0.121
2008,"Colorado",53.66023684,44.70752211,47.03784225,42.39350901,"DEM",50.3611044285714,4,-8.5,6.86666666666667,"CO",2008,377.63834083,"71.60",67.3,NA,0,FALSE,0,1,8,8,0.085
2008,"Connecticut",60.58882968,38.22146331,54.31370897,55.90962813,"DEM",54.5394818571429,4,-8.5,6.86666666666667,"CT",2008,3073.2000773,NA,66.2,62.5,0,FALSE,0,1,8,8,0.015
2008,"Delaware",61.94266898,36.94703355,53.3468376,54.97772716,"DEM",56.8911958571429,4,-8.5,6.86666666666667,"DE",2008,1829.1063324,"65.80",64.5,NA,0,FALSE,0,1,8,8,0.495
2008,"Florida",51.03330527,48.21531917,47.09111003,48.8378212,"DEM",47.8864891428571,4,-8.5,6.86666666666667,"FL",2008,1326.3098154,"66.60",64.7,57.5,0,FALSE,0,1,8,8,0.085
2008,"Georgia",46.9901791,52.20451799,41.37494605,43.21099966,"DEM",44.7235071428571,4,-8.5,6.86666666666667,"GA",2008,319.49816418,"62.70",56.4,47.6,0,FALSE,0,1,8,8,0.098
2008,"Hawaii",71.45291012,26.43620194,54.00955216,55.79166791,"DEM",63.9252561428571,4,-8.5,6.86666666666667,"HI",2008,1828.5705074,"49.00",48.5,44.6,0,FALSE,0,1,8,8,-0.05
2008,"Idaho",36.09098763,61.51709147,30.26491704,27.63812884,"DEM",30.6443915714286,4,-8.5,6.86666666666667,"ID",2008,192.25571748,"64.80",64.8,58.9,0,FALSE,0,1,8,8,-1.594
2008,"Illinois",61.91811452,36.78092254,54.82316021,54.59652121,"DEM",56.2900924285714,4,-8.5,6.86666666666667,"IL",2008,715.8057667,"64.30",62.4,58.5,0,FALSE,0,1,8,8,0.04
2008,"Indiana",49.94591164,48.91390718,39.26297467,41.01210293,"DEM",46.6260385714286,4,-8.5,6.86666666666667,"IN",2008,367.7843504,"60.30",55.8,50.8,0,FALSE,0,1,8,8,0.627
2008,"Iowa",53.92802007,44.39325936,49.23313168,47.19191558,"DEM",52.3561955714286,4,-8.5,6.86666666666667,"IA",2008,175.2785302,"69.70",70.6,NA,0,FALSE,0,1,8,8,-0.8
2008,"Kansas",41.65196719,56.61225434,36.62309431,37.23839226,"DEM",38.5080427142857,4,-8.5,6.86666666666667,"KS",2008,141.61724885,"63.50",62.9,56.7,0,FALSE,0,1,8,8,0.003
2008,"Kentucky",41.16811378,57.39902114,39.68707298,41.37818259,"DEM",40.7857121428571,4,-8.5,6.86666666666667,"KY",2008,243.91040503,"59.00",59.4,53.1,0,FALSE,0,1,8,8,0.583
2008,"Louisiana",39.9329138,58.56272131,42.2158647,44.87533245,"DEM",40.130173,4,-8.5,6.86666666666667,"LA",2008,991.8151101,"61.80",61.5,56.7,0,FALSE,0,1,8,8,0.705
2008,"Maine",57.7057373,40.38401834,53.57285569,49.08601647,"DEM",52.944611,4,-8.5,6.86666666666667,"ME",2008,713.3924407,"71.80",74.9,NA,0,FALSE,0,1,8,8,-1.251
2008,"Maryland",61.91934476,36.47451965,55.97146761,56.48830838,"DEM",54.0524865714286,4,-8.5,6.86666666666667,"MD",2008,1570.7633961,"67.80",63.1,55.8,0,FALSE,0,1,8,8,0.156
2008,"Massachusetts",61.3631991,35.73495929,61.6166602,59.12612602,"DEM",56.4600924285714,4,-8.5,6.86666666666667,"MA",2008,4547.1249524,"67.30",64.6,60.6,0,FALSE,0,1,8,8,0.307
2008,"Michigan",57.43324731,40.95970566,51.23070673,51.27979887,"DEM",52.4892587142857,4,-8.5,6.86666666666667,"MI",2008,728.284428,"69.70",67.1,60.5,0,FALSE,0,1,8,8,0.542
2008,"Minnesota",54.0602927,43.82293104,51.08968469,47.90557206,"DEM",52.0155428571429,4,-8.5,6.86666666666667,"MN",2008,368.51142796,"78.10",78.8,70.1,0,FALSE,0,1,8,8,-1.149
2008,"Mississippi",43.00155443,56.17618898,40.16111259,40.69810015,"DEM",39.8537001428571,4,-8.5,6.86666666666667,"MS",2008,456.01973199,NA,NA,NA,0,FALSE,0,1,8,8,0.806
2008,"Missouri",49.29264787,49.42607441,46.10044652,47.08427335,"DEM",47.2522645714286,4,-8.5,6.86666666666667,"MO",2008,333.91862706,"68.20",66.1,NA,0,FALSE,0,1,8,8,0.712
2008,"Montana",47.26846477,49.53245094,38.56502839,33.36512679,"DEM",44.3327175714286,4,-8.5,6.86666666666667,"MT",2008,150.09743374,"67.10",65.2,62.6,0,FALSE,0,1,8,8,-0.898
2008,"Nebraska",41.59826578,56.53185337,32.68216082,33.25303901,"DEM",37.0299637142857,4,-8.5,6.86666666666667,"NE",2008,126.60784084,"63.70",64.1,57.8,0,FALSE,0,1,8,8,-0.213
2008,"Nevada",55.14667592,42.65411511,47.87804052,45.94126276,"DEM",48.6421768571429,4,-8.5,6.86666666666667,"NV",2008,672.7835829,"57.20",55.4,45.6,0,FALSE,0,1,8,8,0.432
2008,"New Hampshire",54.12689706,44.52142847,50.20161082,46.80317916,"DEM",51.4418267142857,4,-8.5,6.86666666666667,"NH",2008,747.8708182,"72.50",71.5,65,0,FALSE,0,1,8,8,-1.46
2008,"New Jersey",57.27213715,41.70393386,52.92340901,56.12560892,"DEM",54.6811058571429,4,-8.5,6.86666666666667,"NJ",2008,2416.7216761,"67.70",64.2,58.8,0,FALSE,0,1,8,8,0.372
2008,"New Mexico",56.90748026,41.77903483,49.04667964,47.90855405,"DEM",51.3174067142857,4,-8.5,6.86666666666667,"NM",2008,518.6240518,"61.20",60.4,49.9,0,FALSE,0,1,8,8,0.36
2008,"New York",60.15696154,31.31723711,56.13058127,56.63927048,"DEM",61.1386768571429,4,-8.5,6.86666666666667,"NY",2008,3439.4309704,"59.60",58.5,56.2,0,FALSE,0,1,8,8,0.641
2008,"North Carolina",49.7036664,49.37479862,43.58314622,43.14567117,"DEM",48.2666557142857,4,-8.5,6.86666666666667,"NC",2008,568.6369288,"66.10",58.7,52.5,0,FALSE,0,1,8,8,-0.263
2008,"North Dakota",44.62054001,53.25010028,35.49881247,33.0553397,"DEM",43.2492328571429,4,-8.5,6.86666666666667,"ND",2008,115.96297117,"63.60",65.5,61.1,0,FALSE,0,1,8,8,-2.42
2008,"Ohio",51.50427006,46.91057836,48.70668524,46.44042809,"DEM",49.2891341428571,4,-8.5,6.86666666666667,"OH",2008,806.6161862,"67.80",67.9,57.8,0,FALSE,0,1,8,8,0.832
2008,"Oklahoma",34.35491888,65.64508112,34.42959834,38.42690457,"DEM",33.5076145714286,4,-8.5,6.86666666666667,"OK",2008,313.80396485,"56.30",NA,NA,0,FALSE,0,1,8,8,0.253
2008,"Oregon",56.74880626,40.40098169,51.34866304,46.95994002,"DEM",53.9278062857143,4,-8.5,6.86666666666667,"OR",2008,632.5143953,"68.30",72.6,65.9,0,FALSE,0,1,8,8,-0.083
2008,"Pennsylvania",54.48552801,44.16705248,50.92380914,50.60817131,"DEM",51.9106405714286,4,-8.5,6.86666666666667,"PA",2008,1250.8410619,"64.20",NA,NA,0,FALSE,0,1,8,8,0.486
2008,"Rhode Island",62.86400461,35.05784647,59.42342623,60.98770019,"DEM",51.3361902857143,4,-8.5,6.86666666666667,"RI",2008,1936.9341397,"62.30",58.9,54.7,0,FALSE,0,1,8,8,0.532
2008,"South Carolina",44.89656002,53.87364398,40.90183594,40.90152337,"DEM",40.9754,4,-8.5,6.86666666666667,"SC",2008,566.6906325,"58.20",53.2,48.7,0,FALSE,0,1,8,8,0.862
2008,"South Dakota",44.74743111,53.15897637,38.44364592,37.56422539,"DEM",40.2357731428571,4,-8.5,6.86666666666667,"SD",2008,97.84054189,"65.60",69.4,58.7,0,FALSE,0,1,8,8,0.006
2008,"Tennessee",41.82853806,56.89695428,42.52529111,47.28489472,"DEM",39.1133142857143,4,-8.5,6.86666666666667,"TN",2008,463.1922479,"57.40",56.8,50.5,0,FALSE,0,1,8,8,0.52
2008,"Texas",43.68312145,55.45236045,38.22426046,37.98195809,"DEM",41.083264,4,-8.5,6.86666666666667,"TX",2008,489.5638223,NA,NA,49.2,0,FALSE,0,1,8,8,0.487
2008,"Utah",34.40574567,62.58386971,25.99564151,26.34472218,"DEM",31.0157417142857,4,-8.5,6.86666666666667,"UT",2008,424.6791206,"57.10",59.8,54.8,0,FALSE,0,1,8,8,0.12
2008,"Vermont",67.4556832,30.44922872,58.93746258,50.63470922,"DEM",58.5438232857143,4,-8.5,6.86666666666667,"VT",2008,451.40689994,"67.70",66.7,64.7,0,FALSE,0,1,8,8,-0.964
2008,"Virginia",52.62946987,46.33050069,45.5259176,44.43561054,"DEM",50.2661255714286,4,-8.5,6.86666666666667,"VA",2008,252.3461277,"67.60",61.1,55,0,FALSE,0,1,8,8,0.817
2008,"Washington",57.65289221,40.47630494,52.82114831,50.15821532,"DEM",54.0827981428571,4,-8.5,6.86666666666667,"WA",2008,1021.0214889,"67.30",67.5,61.4,0,FALSE,0,1,8,8,0.292
2008,"West Virginia",42.58975038,55.71034311,43.2051411,45.59266437,"DEM",41.8098445714286,4,-8.5,6.86666666666667,"WV",2008,275.80123064,"51.20",55.1,NA,0,FALSE,0,1,8,8,0.12
2008,"Wisconsin",56.21778652,42.31366249,49.69971708,47.83281966,"DEM",51.9036557142857,4,-8.5,6.86666666666667,"WI",2008,436.2741637,"72.70",75.3,NA,0,FALSE,0,1,8,8,-1.188
2008,"Wyoming",32.50949377,64.7137746,29.02309102,28.29838204,"DEM",33.4443734285714,4,-8.5,6.86666666666667,"WY",2008,183.44866653,"63.10",66.3,61.4,0,FALSE,0,1,8,8,-1.375
2012,"Alabama",38.3590331,60.54582233,38.74043429,36.84440232,"DEM",35.6250478571429,4,0.5,7.8,"AL",2008,453.3045126,NA,61,57.4,1,TRUE,1,0,5,0,0.403
2012,"Arizona",44.58976694,53.65453317,45.11525087,44.39683293,"DEM",43.2331987142857,4,0.5,7.8,"AZ",2008,2520.1503524,"53.00",57.4,54.8,1,TRUE,1,0,5,0,0.399
2012,"Arkansas",36.8789903,60.56693608,38.86465977,44.54763045,"DEM",32.9283845714286,4,0.5,7.8,"AR",2008,265.25176388,"51.10",52.9,54.4,1,TRUE,1,0,5,0,0.76
2012,"California",60.23895914,37.12037852,61.01263835,54.30555753,"DEM",54.8507124285714,4,0.5,7.8,"CA",2008,4404.5997799,"55.70",61.7,59.6,1,TRUE,1,0,5,0,-0.584
2012,"Colorado",51.49222655,46.12709164,53.66023684,47.03784225,"DEM",47.5678398571429,4,0.5,7.8,"CO",2008,377.63834083,"70.60",71.6,67.3,1,TRUE,1,0,5,0,-0.494
2012,"Connecticut",58.08501326,40.74511425,60.58882968,54.31370897,"DEM",52.7243668571429,4,0.5,7.8,"CT",2008,3073.2000773,"61.40",NA,66.2,1,TRUE,1,0,5,0,-0.604
2012,"Florida",50.00786507,49.13097776,51.03330527,47.09111003,"DEM",47.1782104285714,4,0.5,7.8,"FL",2008,1326.3098154,"63.30",66.6,64.7,1,TRUE,1,0,5,0,0.397
2012,"Georgia",45.50795967,53.32924218,46.9901791,41.37494605,"DEM",43.1091244285714,4,0.5,7.8,"GA",2008,319.49816418,"59.30",62.7,56.4,1,TRUE,1,0,5,0,0.725
2012,"Hawaii",70.14793245,27.68214769,71.45291012,54.00955216,"DEM",61.4244884285714,4,0.5,7.8,"HI",2008,1828.5705074,"44.50",49,48.5,1,TRUE,1,0,5,0,0.247
2012,"Idaho",32.62233356,64.5297835,36.09098763,30.26491704,"DEM",27.0774642857143,4,0.5,7.8,"ID",2008,192.25571748,"61.00",64.8,64.8,1,TRUE,1,0,5,0,-0.756
2012,"Illinois",57.60213536,40.73274127,61.91811452,54.82316021,"DEM",55.0328541428571,4,0.5,7.8,"IL",2008,715.8057667,"59.30",64.3,62.4,1,TRUE,1,0,5,0,0.131
2012,"Indiana",43.9273029,54.12553238,49.94591164,39.26297467,"DEM",41.0777727142857,4,0.5,7.8,"IN",2008,367.7843504,"56.00",60.3,55.8,1,TRUE,1,0,5,0,0.595
2012,"Iowa",51.98801653,46.17786851,53.92802007,49.23313168,"DEM",48.5570305714286,4,0.5,7.8,"IA",2008,175.2785302,"70.60",69.7,70.6,1,TRUE,1,0,5,0,-1.278
2012,"Kansas",37.99457055,59.71132037,41.65196719,36.62309431,"DEM",33.9869292857143,4,0.5,7.8,"KS",2008,141.61724885,"58.20",63.5,62.9,1,TRUE,1,0,5,0,0.513
2012,"Kentucky",37.80132783,60.4931416,41.16811378,39.68707298,"DEM",38.7164828571429,4,0.5,7.8,"KY",2008,243.91040503,"56.20",59,59.4,1,TRUE,1,0,5,0,0.888
2012,"Louisiana",40.57746362,57.78457573,39.9329138,42.2158647,"DEM",36.7731375714286,4,0.5,7.8,"LA",2008,991.8151101,"60.80",61.8,61.5,1,TRUE,1,0,5,0,-0.078
2012,"Maine",55.37103419,40.32739204,57.7057373,53.57285569,"DEM",52.103053,4,0.5,7.8,"ME",2008,713.3924407,"69.30",71.8,74.9,1,TRUE,1,0,5,0,-1.388
2012,"Maryland",61.97419078,35.89773234,61.91934476,55.97146761,"DEM",56.8020354285714,4,0.5,7.8,"MD",2008,1570.7633961,"67.30",67.8,63.1,1,TRUE,1,0,5,0,-0.436
2012,"Massachusetts",60.33830832,37.31912232,61.3631991,61.6166602,"DEM",56.956477,4,0.5,7.8,"MA",2008,4547.1249524,"66.20",67.3,64.6,1,TRUE,1,0,5,0,0.4
2012,"Michigan",54.20820421,44.71091603,57.43324731,51.23070673,"DEM",49.1408917142857,4,0.5,7.8,"MI",2008,728.284428,"65.40",69.7,67.1,1,TRUE,1,0,5,0,0.69
2012,"Minnesota",52.65230315,44.95820111,54.0602927,51.08968469,"DEM",49.9981934285714,4,0.5,7.8,"MN",2008,368.51142796,"76.40",78.1,78.8,1,TRUE,1,0,5,0,-0.569
2012,"Missouri",44.38348355,53.76374114,49.29264787,46.10044652,"DEM",42.2977735714286,4,0.5,7.8,"MO",2008,333.91862706,NA,68.2,66.1,1,TRUE,1,0,5,0,0.747
2012,"Montana",41.69813737,55.35153538,47.26846477,38.56502839,"DEM",42.3956174285714,4,0.5,7.8,"MT",2008,150.09743374,"63.50",67.1,65.2,1,TRUE,1,0,5,0,-0.459
2012,"Nebraska",38.02731442,59.80319218,41.59826578,32.68216082,"DEM",38.3960497142857,4,0.5,7.8,"NE",2008,126.60784084,"61.10",63.7,64.1,1,TRUE,1,0,5,0,-0.331
2012,"Nevada",52.35624947,45.67531564,55.14667592,47.87804052,"DEM",49.6595432857143,4,0.5,7.8,"NV",2008,672.7835829,"56.50",57.2,55.4,1,TRUE,1,0,5,0,0.053
2012,"New Hampshire",51.97968415,46.40379649,54.12689706,50.20161082,"DEM",47.9434418571429,4,0.5,7.8,"NH",2008,747.8708182,"70.90",72.5,71.5,1,TRUE,1,0,5,0,-0.577
2012,"New Jersey",58.34235491,40.62356483,57.27213715,52.92340901,"DEM",51.9261327142857,4,0.5,7.8,"NJ",2008,2416.7216761,"62.20",67.7,64.2,1,TRUE,1,0,5,0,0.051
2012,"New Mexico",52.99276052,42.84332664,56.90748026,49.04667964,"DEM",50.4828112857143,4,0.5,7.8,"NM",2008,518.6240518,"54.80",61.2,60.4,1,TRUE,1,0,5,0,0.472
2012,"New York",60.76098417,31.24159733,60.15696154,56.13058127,"DEM",59.6953272857143,4,0.5,7.8,"NY",2008,3439.4309704,"53.50",59.6,58.5,1,TRUE,1,0,5,0,0.017
2012,"North Carolina",48.35096858,50.3930641,49.7036664,43.58314622,"DEM",46.022345,4,0.5,7.8,"NC",2008,568.6369288,"65.40",66.1,58.7,1,TRUE,1,0,5,0,-0.482
2012,"North Dakota",38.69731089,58.31568256,44.62054001,35.49881247,"DEM",38.5862112857143,4,0.5,7.8,"ND",2008,115.96297117,"60.40",63.6,65.5,1,TRUE,1,0,5,0,-1.354
2012,"Ohio",50.66674766,47.68844088,51.50427006,48.70668524,"DEM",48.207236,4,0.5,7.8,"OH",2008,806.6161862,"65.10",67.8,67.9,1,TRUE,1,0,5,0,0.731
2012,"Oklahoma",33.22768026,66.77231974,34.35491888,34.42959834,"DEM",30.3203732857143,4,0.5,7.8,"OK",2008,313.80396485,NA,56.3,NA,1,TRUE,1,0,5,0,0.429
2012,"Oregon",54.23932665,42.14987118,56.74880626,51.34866304,"DEM",48.1217071428571,4,0.5,7.8,"OR",2008,632.5143953,"64.20",68.3,72.6,1,TRUE,1,0,5,0,-1.045
2012,"Pennsylvania",52.0768577,46.68086603,54.48552801,50.92380914,"DEM",49.0587327142857,4,0.5,7.8,"PA",2008,1250.8410619,NA,64.2,NA,1,TRUE,1,0,5,0,0.579
2012,"Rhode Island",62.70095886,35.24366157,62.86400461,59.42342623,"DEM",55.3538941428571,4,0.5,7.8,"RI",2008,1936.9341397,NA,62.3,58.9,1,TRUE,1,0,5,0,0.124
2012,"South Carolina",44.08803341,54.56113126,44.89656002,40.90183594,"DEM",42.7917271428571,4,0.5,7.8,"SC",2008,566.6906325,"56.80",58.2,53.2,1,TRUE,1,0,5,0,0.739
2012,"South Dakota",39.86614076,57.88931188,44.74743111,38.44364592,"DEM",38.0383682857143,4,0.5,7.8,"SD",2008,97.84054189,"60.10",65.6,69.4,1,TRUE,1,0,5,0,0.311
2012,"Tennessee",39.07581499,59.47871472,41.82853806,42.52529111,"DEM",39.017743,4,0.5,7.8,"TN",2008,463.1922479,"52.30",57.4,56.8,1,TRUE,1,0,5,0,0.928
2012,"Texas",41.38335828,57.16697747,43.68312145,38.22426046,"DEM",40.0230924285714,4,0.5,7.8,"TX",2008,489.5638223,NA,NA,NA,1,TRUE,1,0,5,0,0.64
2012,"Utah",24.74966583,72.7905331,34.40574567,25.99564151,"DEM",23.1772194285714,4,0.5,7.8,"UT",2008,424.6791206,"56.10",57.1,59.8,1,TRUE,1,0,5,0,-0.181
2012,"Vermont",66.5705503,30.97263524,67.4556832,58.93746258,"DEM",59.8529882857143,4,0.5,7.8,"VT",2008,451.40689994,"61.20",67.7,66.7,1,TRUE,1,0,5,0,-0.189
2012,"Virginia",51.1564568,47.2831029,52.62946987,45.5259176,"DEM",47.7187752857143,4,0.5,7.8,"VA",2008,252.3461277,"66.60",67.6,61.1,1,TRUE,1,0,5,0,0.701
2012,"Washington",56.1633983,41.29462143,57.65289221,52.82114831,"DEM",53.3787695714286,4,0.5,7.8,"WA",2008,1021.0214889,"65.80",67.3,67.5,1,TRUE,1,0,5,0,-1.033
2012,"West Virginia",35.53930416,62.29584242,42.58975038,43.2051411,"DEM",37.4087208571429,4,0.5,7.8,"WV",2008,275.80123064,NA,51.2,55.1,1,TRUE,1,0,5,0,-0.15
2012,"Wisconsin",52.77616254,45.93834671,56.21778652,49.69971708,"DEM",49.466086,4,0.5,7.8,"WI",2008,436.2741637,NA,72.7,75.3,1,TRUE,1,0,5,0,-0.879
2016,"Alabama",34.35794576,62.08309236,38.3590331,38.74043429,"DEM",34.5987257142857,4,2.2,4.76666666666667,"AL",2008,453.3045126,"59.10",NA,61,0,TRUE,1,0,4,0,0.617
2016,"Alaska",36.55087129,51.28151208,40.81265911,37.8893736,"DEM",38.1637642857143,4,2.2,4.76666666666667,"AK",2008,446.51398521,"61.50",58.9,68.3,0,TRUE,1,0,4,0,-0.045
2016,"Arizona",45.12602184,48.67161647,44.58976694,45.11525087,"DEM",42.5249214285714,4,2.2,4.76666666666667,"AZ",2008,2520.1503524,"56.10",53,57.4,0,TRUE,1,0,4,0,0.536
2016,"Arkansas",33.65312413,60.57410216,36.8789903,38.86465977,"DEM",33.7618,4,2.2,4.76666666666667,"AR",2008,265.25176388,"53.20",51.1,52.9,0,TRUE,1,0,4,0,0.51
2016,"California",61.7263996,31.61710654,60.23895914,61.01263835,"DEM",55.0122885714286,4,2.2,4.76666666666667,"CA",2008,4404.5997799,"58.20",55.7,61.7,0,TRUE,1,0,4,0,-1.3
2016,"Colorado",48.15698038,43.25139737,51.49222655,53.66023684,"DEM",43.6602671428571,4,2.2,4.76666666666667,"CO",2008,377.63834083,"71.90",70.6,71.6,0,TRUE,1,0,4,0,-1.46
2016,"Connecticut",54.5663011,40.92691438,58.08501326,60.58882968,"DEM",49.5599314285714,4,2.2,4.76666666666667,"CT",2008,3073.2000773,"64.90",61.4,NA,0,TRUE,1,0,4,0,-0.336
2016,"Delaware",53.35333681,41.92282434,58.61074198,61.94266898,"DEM",49.52569,4,2.2,4.76666666666667,"DE",2008,1829.1063324,"64.40",NA,65.8,0,TRUE,1,0,4,0,0.039
2016,"Florida",47.82331581,49.02194142,50.00786507,51.03330527,"DEM",45.9584514285714,4,2.2,4.76666666666667,"FL",2008,1326.3098154,"65.60",63.3,66.6,0,TRUE,1,0,4,0,0.407
2016,"Georgia",45.63998336,50.77132605,45.50795967,46.9901791,"DEM",43.5656071428571,4,2.2,4.76666666666667,"GA",2008,319.49816418,"59.80",59.3,62.7,0,TRUE,1,0,4,0,0.527
2016,"Hawaii",60.98079806,29.43970717,70.14793245,71.45291012,"DEM",51.1491471428571,4,2.2,4.76666666666667,"HI",2008,1828.5705074,"43.20",44.5,49,0,TRUE,1,0,4,0,-0.206
2016,"Idaho",27.49201382,59.26143237,32.62233356,36.09098763,"DEM",28.8417,4,2.2,4.76666666666667,"ID",2008,192.25571748,"60.90",61,64.8,0,TRUE,1,0,4,0,-0.256
2016,"Illinois",55.8253667,38.76175307,57.60213536,61.91811452,"DEM",50.7394985714286,4,2.2,4.76666666666667,"IL",2008,715.8057667,"63.10",59.3,64.3,0,TRUE,1,0,4,0,-0.573
2016,"Indiana",37.77483969,56.94003345,43.9273029,49.94591164,"DEM",38.1527528571429,4,2.2,4.76666666666667,"IN",2008,367.7843504,"57.90",56,60.3,0,TRUE,1,0,4,0,0.914
2016,"Iowa",41.75251345,51.16206134,51.98801653,53.92802007,"DEM",41.3867514285714,4,2.2,4.76666666666667,"IA",2008,175.2785302,"69.10",70.6,69.7,0,TRUE,1,0,4,0,-1.094
2016,"Kansas",36.05237073,56.65458181,37.99457055,41.65196719,"DEM",36.7170442857143,4,2.2,4.76666666666667,"KS",2008,141.61724885,"59.70",58.2,63.5,0,TRUE,1,0,4,0,0.684
2016,"Kentucky",32.68218833,62.51963855,37.80132783,41.16811378,"DEM",32.2832842857143,4,2.2,4.76666666666667,"KY",2008,243.91040503,"59.60",56.2,59,0,TRUE,1,0,4,0,0.654
2016,"Louisiana",38.4495661,58.08868465,40.57746362,39.9329138,"DEM",36.6641571428571,4,2.2,4.76666666666667,"LA",2008,991.8151101,"60.60",60.8,61.8,0,TRUE,1,0,4,0,-0.143
2016,"Maine",46.3452141,43.47667808,55.37103419,57.7057373,"DEM",46.2712814285714,4,2.2,4.76666666666667,"ME",2008,713.3924407,"72.90",69.3,71.8,0,TRUE,1,0,4,0,-1.091
2016,"Maryland",60.32574424,33.90930473,61.97419078,61.91934476,"DEM",60.6607871428571,4,2.2,4.76666666666667,"MD",2008,1570.7633961,"67.00",67.3,67.8,0,TRUE,1,0,4,0,-0.736
2016,"Massachusetts",59.0500651,32.28620279,60.33830832,61.3631991,"DEM",55.5832314285714,4,2.2,4.76666666666667,"MA",2008,4547.1249524,"68.30",66.2,67.3,0,TRUE,1,0,4,0,-0.753
2016,"Michigan",47.27453095,47.49756422,54.20820421,57.43324731,"DEM",45.61722,4,2.2,4.76666666666667,"MI",2008,728.284428,"65.70",65.4,69.7,0,TRUE,1,0,4,0,0.82
2016,"Minnesota",46.44503396,44.9251931,52.65230315,54.0602927,"DEM",46.5733071428571,4,2.2,4.76666666666667,"MN",2008,368.51142796,"74.70",76.4,78.1,0,TRUE,1,0,4,0,-0.573
2016,"Mississippi",40.11478827,57.94103809,43.78935954,43.00155443,"DEM",41.4939671428571,4,2.2,4.76666666666667,"MS",2008,456.01973199,NA,NA,NA,0,TRUE,1,0,4,0,1.302
2016,"Missouri",38.13523084,56.77234784,44.38348355,49.29264787,"DEM",38.7043228571429,4,2.2,4.76666666666667,"MO",2008,333.91862706,"62.20",NA,68.2,0,TRUE,1,0,4,0,0.259
2016,"Montana",35.93521878,56.46619187,41.69813737,47.26846477,"DEM",34.2305914285714,4,2.2,4.76666666666667,"MT",2008,150.09743374,"64.30",63.5,67.1,0,TRUE,1,0,4,0,-0.212
2016,"Nebraska",33.69875638,58.74735113,38.02731442,41.59826578,"DEM",32.0760185714286,4,2.2,4.76666666666667,"NE",2008,126.60784084,"64.00",61.1,63.7,0,TRUE,1,0,4,0,-0.401
2016,"Nevada",47.91782368,45.50069532,52.35624947,55.14667592,"DEM",44.9434271428571,4,2.2,4.76666666666667,"NV",2008,672.7835829,"57.40",56.5,57.2,0,TRUE,1,0,4,0,0.347
2016,"New Hampshire",46.82626267,46.45866698,51.97968415,54.12689706,"DEM",44.9318428571429,4,2.2,4.76666666666667,"NH",2008,747.8708182,"72.50",70.9,72.5,0,TRUE,1,0,4,0,0.622
2016,"New Jersey",55.45308445,41.35038665,58.34235491,57.27213715,"DEM",50.6886257142857,4,2.2,4.76666666666667,"NJ",2008,2416.7216761,"65.80",62.2,67.7,0,TRUE,1,0,4,0,-0.631
2016,"New Mexico",48.25564718,40.04251433,52.99276052,56.90748026,"DEM",43.1113442857143,4,2.2,4.76666666666667,"NM",2008,518.6240518,"54.90",54.8,61.2,0,TRUE,1,0,4,0,0.568
2016,"New York",56.1361426,32.39060231,60.76098417,60.15696154,"DEM",52.9488942857143,4,2.2,4.76666666666667,"NY",2008,3439.4309704,"57.20",53.5,59.6,0,TRUE,1,0,4,0,0.057
2016,"North Carolina",46.17286617,49.8280947,48.35096858,49.7036664,"DEM",46.4295685714286,4,2.2,4.76666666666667,"NC",2008,568.6369288,"64.90",65.4,66.1,0,TRUE,1,0,4,0,0.038
2016,"North Dakota",27.22673946,62.95562783,38.69731089,44.62054001,"DEM",30.3082771428571,4,2.2,4.76666666666667,"ND",2008,115.96297117,"61.70",60.4,63.6,0,TRUE,1,0,4,0,-1.221
2016,"Ohio",43.55807628,51.68765068,50.66674766,51.50427006,"DEM",43.4643628571429,4,2.2,4.76666666666667,"OH",2008,806.6161862,"64.20",65.1,67.8,0,TRUE,1,0,4,0,0.809
2016,"Oklahoma",28.93168028,65.32286482,33.22768026,34.35491888,"DEM",30.3900514285714,4,2.2,4.76666666666667,"OK",2008,313.80396485,NA,NA,56.3,0,TRUE,1,0,4,0,0.419
2016,"Oregon",50.071852,39.09403518,54.23932665,56.74880626,"DEM",46.4993757142857,4,2.2,4.76666666666667,"OR",2008,632.5143953,"68.00",64.2,68.3,0,TRUE,1,0,4,0,-2.061
2016,"Pennsylvania",47.85361616,48.5778858,52.0768577,54.48552801,"DEM",47.1050157142857,4,2.2,4.76666666666667,"PA",2008,1250.8410619,NA,NA,64.2,0,TRUE,1,0,4,0,0.368
2016,"Rhode Island",54.40660657,38.8980575,62.70095886,62.86400461,"DEM",47.5713528571429,4,2.2,4.76666666666667,"RI",2008,1936.9341397,"59.70",NA,62.3,0,TRUE,1,0,4,0,0.079
2016,"South Carolina",40.67341979,54.93933269,44.08803341,44.89656002,"DEM",39.4403785714286,4,2.2,4.76666666666667,"SC",2008,566.6906325,"57.30",56.8,58.2,0,TRUE,1,0,4,0,0.696
2016,"South Dakota",31.73742816,61.53075038,39.86614076,44.74743111,"DEM",32.4835285714286,4,2.2,4.76666666666667,"SD",2008,97.84054189,"60.00",60.1,65.6,0,TRUE,1,0,4,0,0.59
2016,"Tennessee",34.7163328,60.72203369,39.07581499,41.82853806,"DEM",37.1976957142857,4,2.2,4.76666666666667,"TN",2008,463.1922479,"51.80",52.3,57.4,0,TRUE,1,0,4,0,0.959
2016,"Texas",43.23525798,52.23468558,41.38335828,43.68312145,"DEM",39.8173185714286,4,2.2,4.76666666666667,"TX",2008,489.5638223,"51.40",NA,NA,0,TRUE,1,0,4,0,0.914
2016,"Utah",27.46126859,45.54081659,24.74966583,34.40574567,"DEM",26.9656585714286,4,2.2,4.76666666666667,"UT",2008,424.6791206,"57.90",56.1,57.1,0,TRUE,1,0,4,0,-0.803
2016,"Vermont",55.72274212,29.7593824,66.5705503,67.4556832,"DEM",50.7177971428571,4,2.2,4.76666666666667,"VT",2008,451.40689994,"64.80",61.2,67.7,0,TRUE,1,0,4,0,-0.106
2016,"Virginia",49.75135283,44.42764701,51.1564568,52.62946987,"DEM",47.0107414285714,4,2.2,4.76666666666667,"VA",2008,252.3461277,NA,66.6,67.6,0,TRUE,1,0,4,0,1.054
2016,"Washington",52.53868006,36.83268019,56.1633983,57.65289221,"DEM",49.34048,4,2.2,4.76666666666667,"WA",2008,1021.0214889,"65.70",65.8,67.3,0,TRUE,1,0,4,0,-0.619
2016,"West Virginia",26.47692802,68.63057481,35.53930416,42.58975038,"DEM",29.0226,4,2.2,4.76666666666667,"WV",2008,275.80123064,NA,NA,51.2,0,TRUE,1,0,4,0,-0.317
2016,"Wisconsin",46.45384137,47.21818457,52.77616254,56.21778652,"DEM",46.44845,4,2.2,4.76666666666667,"WI",2008,436.2741637,NA,NA,72.7,0,TRUE,1,0,4,0,-0.068
2016,"Wyoming",21.62890088,67.39841105,27.63690612,32.50949377,"DEM",21.97727,4,2.2,4.76666666666667,"WY",2008,183.44866653,"60.20",59,63.1,0,TRUE,1,0,4,0,0.214
2020,"Alabama",36.56999021,62.03164317,34.35794576,38.3590331,"DEM",38.0831671428571,4,4.2,6.73333333333333,"AL",2008,453.3045126,"61.80",59.1,NA,0,FALSE,0,1,8,8,0.456
2020,"Alaska",42.77195227,52.83314327,36.55087129,40.81265911,"DEM",43.1967457142857,4,4.2,6.73333333333333,"AK",2008,446.51398521,"68.40",61.5,58.9,0,FALSE,0,1,8,8,0.342
2020,"Arizona",49.36469061,49.05598103,45.12602184,44.58976694,"DEM",48.7476814285714,4,4.2,6.73333333333333,"AZ",2008,2520.1503524,"68.60",56.1,53,0,FALSE,0,1,8,8,0.206
2020,"Arkansas",34.77506195,62.39572986,33.65312413,36.8789903,"DEM",36.2040242857143,4,4.2,6.73333333333333,"AR",2008,265.25176388,"56.50",53.2,51.1,0,FALSE,0,1,8,8,0.537
2020,"California",63.48394689,34.32072363,61.7263996,60.23895914,"DEM",60.7115357142857,4,4.2,6.73333333333333,"CA",2008,4404.5997799,"68.60",58.2,55.7,0,FALSE,0,1,8,8,-0.622
2020,"Colorado",55.01106714,41.60412563,48.15698038,51.49222655,"DEM",53.7128385714286,4,4.2,6.73333333333333,"CO",2008,377.63834083,"77.60",71.9,70.6,0,FALSE,0,1,8,8,-0.687
2020,"Connecticut",59.26073152,39.18711829,54.5663011,58.08501326,"DEM",57.8135185714286,4,4.2,6.73333333333333,"CT",2008,3073.2000773,"70.70",64.9,61.4,0,FALSE,0,1,8,8,-0.074
2020,"Delaware",58.74300579,39.77487677,53.35333681,58.61074198,"DEM",57.9964171428571,4,4.2,6.73333333333333,"DE",2008,1829.1063324,"70.10",64.4,NA,0,FALSE,0,1,8,8,0.317
2020,"Florida",47.86145073,51.21981962,47.82331581,50.00786507,"DEM",48.8925871428571,4,4.2,6.73333333333333,"FL",2008,1326.3098154,"72.30",65.6,63.3,0,FALSE,0,1,8,8,0.458
2020,"Georgia",49.47305578,49.2374739,45.63998336,45.50795967,"DEM",47.9157871428571,4,4.2,6.73333333333333,"GA",2008,319.49816418,"68.20",59.8,59.3,0,FALSE,0,1,8,8,0.984
2020,"Hawaii",63.14937977,33.95471417,60.98079806,70.14793245,"DEM",62.2395742857143,4,4.2,6.73333333333333,"HI",2008,1828.5705074,"55.70",43.2,44.5,0,FALSE,0,1,8,8,-0.711
2020,"Idaho",33.06640215,63.83756483,27.49201382,32.62233356,"DEM",37.2955828571429,4,4.2,6.73333333333333,"ID",2008,192.25571748,"67.60",60.9,61,0,FALSE,0,1,8,8,-0.12
2020,"Illinois",57.54164538,40.55345082,55.8253667,57.60213536,"DEM",54.7547785714286,4,4.2,6.73333333333333,"IL",2008,715.8057667,"66.10",63.1,59.3,0,FALSE,0,1,8,8,-0.847
2020,"Indiana",40.96167706,57.02115777,37.77483969,43.9273029,"DEM",41.2070728571429,4,4.2,6.73333333333333,"IN",2008,367.7843504,"61.50",57.9,56,0,FALSE,0,1,8,8,0.512
2020,"Iowa",44.64723286,52.80019763,41.75251345,51.98801653,"DEM",47.36642,4,4.2,6.73333333333333,"IA",2008,175.2785302,"72.90",69.1,70.6,0,FALSE,0,1,8,8,0.052
2020,"Kansas",41.55955354,56.21251283,36.05237073,37.99457055,"DEM",41.6435857142857,4,4.2,6.73333333333333,"KS",2008,141.61724885,"65.70",59.7,58.2,0,FALSE,0,1,8,8,0.38
2020,"Kentucky",36.15151481,62.08657187,32.68218833,37.80132783,"DEM",38.7025957142857,4,4.2,6.73333333333333,"KY",2008,243.91040503,"64.80",59.6,56.2,0,FALSE,0,1,8,8,0.606
2020,"Louisiana",39.8514568,58.46088241,38.4495661,40.57746362,"DEM",37.3881828571429,4,4.2,6.73333333333333,"LA",2008,991.8151101,"64.20",60.6,60.8,0,FALSE,0,1,8,8,0.153
2020,"Maine",52.52557935,43.55122811,46.3452141,55.37103419,"DEM",53.3985328571429,4,4.2,6.73333333333333,"ME",2008,713.3924407,"75.80",72.9,69.3,0,FALSE,0,1,8,8,-0.394
2020,"Maryland",65.36066486,32.15029157,60.32574424,61.97419078,"DEM",61.6411714285714,4,4.2,6.73333333333333,"MD",2008,1570.7633961,"69.90",67,67.3,0,FALSE,0,1,8,8,-0.745
2020,"Massachusetts",65.1229837,31.90815759,59.0500651,60.33830832,"DEM",65.40501,4,4.2,6.73333333333333,"MA",2008,4547.1249524,"71.00",68.3,66.2,0,FALSE,0,1,8,8,-0.524
2020,"Michigan",50.62081829,47.83729069,47.27453095,54.20820421,"DEM",50.76418,4,4.2,6.73333333333333,"MI",2008,728.284428,"73.50",65.7,65.4,0,FALSE,0,1,8,8,-0.504
2020,"Minnesota",52.39509931,45.28494241,46.44503396,52.65230315,"DEM",50.5126942857143,4,4.2,6.73333333333333,"MN",2008,368.51142796,"79.80",74.7,76.4,0,FALSE,0,1,8,8,-0.392
2020,"Mississippi",41.05760646,57.60295458,40.11478827,43.78935954,"DEM",38.7855114285714,4,4.2,6.73333333333333,"MS",2008,456.01973199,"60.40",NA,NA,0,FALSE,0,1,8,8,0.858
2020,"Missouri",41.40878174,56.79965578,38.13523084,44.38348355,"DEM",44.3988242857143,4,4.2,6.73333333333333,"MO",2008,333.91862706,"66.00",62.2,NA,0,FALSE,0,1,8,8,0.916
2020,"Montana",40.54936936,56.91846924,35.93521878,41.69813737,"DEM",44.64673,4,4.2,6.73333333333333,"MT",2008,150.09743374,"72.80",64.3,63.5,0,FALSE,0,1,8,8,-0.068
2020,"Nebraska",39.16663094,58.22416333,33.69875638,38.02731442,"DEM",43.5859342857143,4,4.2,6.73333333333333,"NE",2008,126.60784084,"69.50",64,61.1,0,FALSE,0,1,8,8,-0.053
2020,"Nevada",50.05678196,47.66624732,47.91782368,52.35624947,"DEM",49.7623328571429,4,4.2,6.73333333333333,"NV",2008,672.7835829,"66.10",57.4,56.5,0,FALSE,0,1,8,8,0.172
2020,"New Hampshire",52.70782528,45.3562595,46.82626267,51.97968415,"DEM",53.5194057142857,4,4.2,6.73333333333333,"NH",2008,747.8708182,"74.90",72.5,70.9,0,FALSE,0,1,8,8,0.783
2020,"New Jersey",57.33419675,41.39652386,55.45308445,58.34235491,"DEM",56.8727857142857,4,4.2,6.73333333333333,"NJ",2008,2416.7216761,"72.00",65.8,62.2,0,FALSE,0,1,8,8,-0.262
2020,"New Mexico",54.28928585,43.49666925,48.25564718,52.99276052,"DEM",52.6861814285714,4,4.2,6.73333333333333,"NM",2008,518.6240518,"61.00",54.9,54.8,0,FALSE,0,1,8,8,0.253
2020,"New York",60.39188454,37.46129384,56.1361426,60.76098417,"DEM",61.3753628571429,4,4.2,6.73333333333333,"NY",2008,3439.4309704,"61.10",57.2,53.5,0,FALSE,0,1,8,8,-0.247
2020,"North Carolina",48.58621178,49.93433249,46.17286617,48.35096858,"DEM",49.0962542857143,4,4.2,6.73333333333333,"NC",2008,568.6369288,"72.80",64.9,65.4,0,FALSE,0,1,8,8,-0.028
2020,"North Dakota",31.75676236,65.11404874,27.22673946,38.69731089,"DEM",37.8150228571429,4,4.2,6.73333333333333,"ND",2008,115.96297117,"63.40",61.7,60.4,0,FALSE,0,1,8,8,-0.656
2020,"Ohio",45.23933834,53.2713001,43.55807628,50.66674766,"DEM",46.3671628571429,4,4.2,6.73333333333333,"OH",2008,806.6161862,"67.00",64.2,65.1,0,FALSE,0,1,8,8,0.32
2020,"Oklahoma",32.28617434,65.37327185,28.93168028,33.22768026,"DEM",36.0547114285714,4,4.2,6.73333333333333,"OK",2008,313.80396485,"55.30",NA,NA,0,FALSE,0,1,8,8,0.37
2020,"Oregon",56.45331865,40.36724605,50.071852,54.23932665,"DEM",57.0674457142857,4,4.2,6.73333333333333,"OR",2008,632.5143953,"76.20",68,64.2,0,FALSE,0,1,8,8,-1.688
2020,"Pennsylvania",50.00849568,48.84361204,47.85361616,52.0768577,"DEM",50.2572185714286,4,4.2,6.73333333333333,"PA",2008,1250.8410619,"70.10",NA,NA,0,FALSE,0,1,8,8,0.294
2020,"Rhode Island",59.47619877,38.67038047,54.40660657,62.70095886,"DEM",64.1534314285714,4,4.2,6.73333333333333,"RI",2008,1936.9341397,"63.10",59.7,NA,0,FALSE,0,1,8,8,-0.096
2020,"South Carolina",43.4168385,55.09348092,40.67341979,44.08803341,"DEM",43.30775,4,4.2,6.73333333333333,"SC",2008,566.6906325,"65.90",57.3,56.8,0,FALSE,0,1,8,8,0.741
2020,"South Dakota",35.60525214,61.76938967,31.73742816,39.86614076,"DEM",39.8326571428571,4,4.2,6.73333333333333,"SD",2008,97.84054189,"66.40",60,60.1,0,FALSE,0,1,8,8,0.187
2020,"Tennessee",37.45143427,60.66029417,34.7163328,39.07581499,"DEM",40.0307342857143,4,4.2,6.73333333333333,"TN",2008,463.1922479,"59.70",51.8,52.3,0,FALSE,0,1,8,8,0.795
2020,"Texas",46.47900991,52.0576036,43.23525798,41.38335828,"DEM",46.8276828571429,4,4.2,6.73333333333333,"TX",2008,489.5638223,"60.80",51.4,NA,0,FALSE,0,1,8,8,1.292
2020,"Utah",37.64604858,58.12983903,27.46126859,24.74966583,"DEM",40.0678757142857,4,4.2,6.73333333333333,"UT",2008,424.6791206,"69.20",57.9,56.1,0,FALSE,0,1,8,8,-0.93
2020,"Vermont",65.45578055,30.38105713,55.72274212,66.5705503,"DEM",63.6987242857143,4,4.2,6.73333333333333,"VT",2008,451.40689994,"72.20",64.8,61.2,0,FALSE,0,1,8,8,-0.639
2020,"Virginia",54.10951718,43.99550367,49.75135283,51.1564568,"DEM",52.7141028571429,4,4.2,6.73333333333333,"VA",2008,252.3461277,"72.80",NA,66.6,0,FALSE,0,1,8,8,-0.505
2020,"Washington",57.97030114,38.76697774,52.53868006,56.1633983,"DEM",58.2552357142857,4,4.2,6.73333333333333,"WA",2008,1021.0214889,"76.20",65.7,65.8,0,FALSE,0,1,8,8,-1.664
2020,"West Virginia",29.69652124,68.63155192,26.47692802,35.53930416,"DEM",35.4888742857143,4,4.2,6.73333333333333,"WV",2008,275.80123064,"57.20",NA,NA,0,FALSE,0,1,8,8,0.333
2020,"Wisconsin",49.44953686,48.82243732,46.45384137,52.77616254,"DEM",51.3962085714286,4,4.2,6.73333333333333,"WI",2008,436.2741637,"75.30",NA,NA,0,FALSE,0,1,8,8,0.054
2020,"Wyoming",26.38786656,69.49978995,21.62890088,27.63690612,"DEM",29.1272228571429,4,4.2,6.73333333333333,"WY",2008,183.44866653,"65.30",60.2,59,0,FALSE,0,1,8,8,0.084
2012,"ME-1",NA,NA,NA,NA,"DEM",54.53214,4,0.5,7.8,"ME",2008,713.3924407,NA,NA,NA,1,TRUE,1,0,5,0,-1.388
2012,"ME-2",NA,NA,NA,NA,"DEM",48.1987095714286,4,0.5,7.8,"ME",2008,713.3924407,NA,NA,NA,1,TRUE,1,0,5,0,-1.388
2012,"NE-1",NA,NA,NA,NA,"DEM",40.0267174285714,4,0.5,7.8,"NE",2008,126.60784084,NA,NA,NA,1,TRUE,1,0,5,0,-0.331
2012,"NE-2",NA,NA,NA,NA,"DEM",44.1370217142857,4,0.5,7.8,"NE",2008,126.60784084,NA,NA,NA,1,TRUE,1,0,5,0,-0.331
2012,"NE-3",NA,NA,NA,NA,"DEM",27.1342938571429,4,0.5,7.8,"NE",2008,126.60784084,NA,NA,NA,1,TRUE,1,0,5,0,-0.331
2016,"ME-1",NA,NA,NA,NA,"DEM",48.63478,4,2.2,4.76666666666667,"ME",2008,713.3924407,NA,NA,NA,0,TRUE,1,0,4,0,-1.091
2016,"ME-2",NA,NA,NA,NA,"DEM",40.8440514285714,4,2.2,4.76666666666667,"ME",2008,713.3924407,NA,NA,NA,0,TRUE,1,0,4,0,-1.091
2016,"NE-1",NA,NA,NA,NA,"DEM",29.0776971428571,4,2.2,4.76666666666667,"NE",2008,126.60784084,NA,NA,NA,0,TRUE,1,0,4,0,-0.401
2016,"NE-2",NA,NA,NA,NA,"DEM",40.6671471428571,4,2.2,4.76666666666667,"NE",2008,126.60784084,NA,NA,NA,0,TRUE,1,0,4,0,-0.401
2016,"NE-3",NA,NA,NA,NA,"DEM",20.0668028571429,4,2.2,4.76666666666667,"NE",2008,126.60784084,NA,NA,NA,0,TRUE,1,0,4,0,-0.401
2020,"ME-1",NA,NA,NA,NA,"DEM",57.73768,4,4.2,6.73333333333333,"ME",2008,713.3924407,NA,NA,NA,0,FALSE,0,1,8,8,-0.394
2020,"ME-2",NA,NA,NA,NA,"DEM",47.03006,4,4.2,6.73333333333333,"ME",2008,713.3924407,NA,NA,NA,0,FALSE,0,1,8,8,-0.394
2020,"NE-1",NA,NA,NA,NA,"DEM",44.5217714285714,4,4.2,6.73333333333333,"NE",2008,126.60784084,NA,NA,NA,0,FALSE,0,1,8,8,-0.053
2020,"NE-2",NA,NA,NA,NA,"DEM",49.4766157142857,4,4.2,6.73333333333333,"NE",2008,126.60784084,NA,NA,NA,0,FALSE,0,1,8,8,-0.053
